{
  "minecraft:recipes/tools/fishing_rod": {
    "criteria": {
      "has_string": "2021-08-08 19:50:33 +0100"
    },
    "done": true
  },
  "dungeontactics:recipes/misc/convenience/planks_from_sticks": {
    "criteria": {
      "has_oak": "2021-08-08 19:50:18 +0100"
    },
    "done": true
  },
  "dungeontactics:recipes/weapons/stone_weapons": {
    "criteria": {
      "has_item": "2021-08-08 19:52:49 +0100"
    },
    "done": true
  },
  "minecraft:recipes/redstone/lever": {
    "criteria": {
      "has_cobblestone": "2021-08-08 19:52:49 +0100"
    },
    "done": true
  },
  "tombstone:tutorial/first_knowledge": {
    "criteria": {
      "coded_trigger": "2021-08-08 19:56:16 +0100"
    },
    "done": true
  },
  "minecraft:recipes/building_blocks/magenta_concrete_powder": {
    "criteria": {
      "has_sand": "2021-08-08 21:33:10 +0100"
    },
    "done": true
  },
  "minecraft:recipes/combat/iron_sword": {
    "criteria": {
      "has_iron_ingot": "2021-08-08 20:27:59 +0100"
    },
    "done": true
  },
  "mysticalworld:root": {
    "criteria": {
      "auto": "2021-08-08 19:44:52 +0100"
    },
    "done": true
  },
  "minecraft:recipes/redstone/observer": {
    "criteria": {
      "has_quartz": "2021-08-08 20:34:18 +0100"
    },
    "done": true
  },
  "minecraft:recipes/misc/writable_book": {
    "criteria": {
      "has_book": "2021-08-08 20:48:14 +0100"
    },
    "done": true
  },
  "minecraft:recipes/redstone/spruce_door": {
    "criteria": {
      "has_planks": "2021-08-08 21:52:12 +0100"
    },
    "done": true
  },
  "minecraft:recipes/building_blocks/oak_wooden_slab": {
    "criteria": {
      "has_planks": "2021-08-08 19:50:18 +0100"
    },
    "done": true
  },
  "dungeontactics:recipes/misc/convenience/sticks_from_cactus": {
    "criteria": {
      "has_stick": "2021-08-08 19:50:19 +0100"
    },
    "done": true
  },
  "astralsorcery:root": {
    "criteria": {
      "astralsorcery_present": "2021-08-08 19:44:53 +0100"
    },
    "done": true
  },
  "minecraft:recipes/building_blocks/lime_concrete_powder": {
    "criteria": {
      "has_sand": "2021-08-08 21:33:10 +0100"
    },
    "done": true
  },
  "totemic:recipes/totempedia": {
    "criteria": {
      "has_paper": "2021-08-08 19:49:16 +0100"
    },
    "done": true
  },
  "minecraft:recipes/tools/iron_pickaxe": {
    "criteria": {
      "has_iron_ingot": "2021-08-08 20:27:58 +0100"
    },
    "done": true
  },
  "minecraft:recipes/redstone/spruce_fence_gate": {
    "criteria": {
      "has_planks": "2021-08-08 21:52:12 +0100"
    },
    "done": true
  },
  "minecraft:recipes/building_blocks/yellow_concrete_powder": {
    "criteria": {
      "has_sand": "2021-08-08 21:33:10 +0100"
    },
    "done": true
  },
  "minecraft:recipes/misc/pumpkin_seeds": {
    "criteria": {
      "has_pumpkin": "2021-08-08 21:38:48 +0100"
    },
    "done": true
  },
  "biomesoplenty:recipes/decorations/sign_from_bop_wood": {
    "criteria": {
      "has_planks": "2021-08-08 22:08:37 +0100"
    },
    "done": true
  },
  "dungeontactics:recipes/misc/convenience/melonslice_from_melon": {
    "criteria": {
      "has_melon": "2021-08-08 20:00:01 +0100"
    },
    "done": true
  },
  "minecraft:recipes/decorations/crafting_table": {
    "criteria": {
      "has_planks": "2021-08-08 19:50:18 +0100"
    },
    "done": true
  },
  "minecraft:recipes/tools/golden_hoe": {
    "criteria": {
      "has_gold_ingot": "2021-08-08 20:20:55 +0100"
    },
    "done": true
  },
  "minecraft:recipes/food/bread": {
    "criteria": {
      "has_wheat": "2021-08-08 21:38:51 +0100"
    },
    "done": true
  },
  "minecraft:recipes/misc/melon_seeds": {
    "criteria": {
      "has_melon": "2021-08-08 20:00:01 +0100"
    },
    "done": true
  },
  "minecraft:recipes/decorations/ladder": {
    "criteria": {
      "has_stick": "2021-08-08 19:50:19 +0100"
    },
    "done": true
  },
  "dungeontactics:recipes/misc/soulgem": {
    "criteria": {
      "has_mcguffin": "2021-08-08 19:59:51 +0100"
    },
    "done": true
  },
  "iceandfire:iceandfire/root": {
    "criteria": {
      "tick": "2021-08-08 19:44:53 +0100"
    },
    "done": true
  },
  "minecraft:recipes/misc/iron_nugget": {
    "criteria": {
      "has_iron_ingot": "2021-08-08 20:27:58 +0100"
    },
    "done": true
  },
  "minecraft:recipes/decorations/chest": {
    "criteria": {
      "has_lots_of_items": "2021-08-08 19:49:16 +0100"
    },
    "done": true
  },
  "minecraft:recipes/combat/golden_sword": {
    "criteria": {
      "has_gold_ingot": "2021-08-08 20:20:55 +0100"
    },
    "done": true
  },
  "minecraft:recipes/building_blocks/brown_concrete_powder": {
    "criteria": {
      "has_sand": "2021-08-08 21:33:10 +0100"
    },
    "done": true
  },
  "minecraft:recipes/tools/wooden_shovel": {
    "criteria": {
      "has_stick": "2021-08-08 19:50:19 +0100"
    },
    "done": true
  },
  "dungeontactics:recipes/misc/wooden_chair": {
    "criteria": {
      "has_wood": "2021-08-08 19:50:19 +0100"
    },
    "done": true
  },
  "minecraft:recipes/decorations/torch": {
    "criteria": {
      "has_stone_pickaxe": "2021-08-08 19:53:03 +0100"
    },
    "done": true
  },
  "minecraft:recipes/tools/shears": {
    "criteria": {
      "has_iron_ingot": "2021-08-08 20:27:59 +0100"
    },
    "done": true
  },
  "dungeontactics:recipes/tools/alchemical_cauldron": {
    "criteria": {
      "has_ingot": "2021-08-08 20:20:55 +0100"
    },
    "done": true
  },
  "minecraft:recipes/misc/stick": {
    "criteria": {
      "has_planks": "2021-08-08 19:50:18 +0100"
    },
    "done": true
  },
  "dungeontactics:recipes/misc/wooden_table": {
    "criteria": {
      "has_wood": "2021-08-08 19:50:19 +0100"
    },
    "done": true
  },
  "minecraft:recipes/decorations/sign": {
    "criteria": {
      "has_planks": "2021-08-08 19:50:18 +0100"
    },
    "done": true
  },
  "minecraft:recipes/transportation/spruce_boat": {
    "criteria": {
      "entered_water": "2021-08-08 21:05:53 +0100"
    },
    "done": true
  },
  "minecraft:recipes/building_blocks/diorite": {
    "criteria": {
      "has_quartz": "2021-08-08 20:34:18 +0100"
    },
    "done": true
  },
  "roots:root": {
    "criteria": {
      "auto": "2021-08-08 19:44:52 +0100"
    },
    "done": true
  },
  "biomesoplenty:recipes/buildingblocks/sacred_oak_planks": {
    "criteria": {
      "has_log": "2021-08-08 21:54:19 +0100"
    },
    "done": true
  },
  "biomesoplenty:recipes/transportation/boat_ethereal": {
    "criteria": {
      "entered_water": "2021-08-08 21:05:53 +0100"
    },
    "done": true
  },
  "dungeontactics:recipes/misc/convenience/string_from_wool": {
    "criteria": {
      "has_string": "2021-08-08 19:50:33 +0100"
    },
    "done": true
  },
  "dungeontactics:recipes/weapons/golden_weapons": {
    "criteria": {
      "has_item": "2021-08-08 20:20:55 +0100"
    },
    "done": true
  },
  "minecraft:recipes/food/cake": {
    "criteria": {
      "has_egg": "2021-08-08 20:28:31 +0100"
    },
    "done": true
  },
  "dungeontactics:recipes/tools/boomglove": {
    "criteria": {
      "has_gunpowder": "2021-08-08 21:20:35 +0100"
    },
    "done": true
  },
  "minecraft:recipes/misc/gold_nugget": {
    "criteria": {
      "has_gold_ingot": "2021-08-08 20:20:55 +0100"
    },
    "done": true
  },
  "minecraft:recipes/combat/iron_leggings": {
    "criteria": {
      "has_iron_ingot": "2021-08-08 20:27:59 +0100"
    },
    "done": true
  },
  "minecraft:husbandry/balanced_diet": {
    "criteria": {
      "cooked_porkchop": "2021-08-08 20:53:16 +0100",
      "apple": "2021-08-08 20:29:05 +0100",
      "melon": "2021-08-08 20:03:23 +0100"
    },
    "done": false
  },
  "tombstone:recipes/from_grave_key": {
    "criteria": {
      "has_ingredient": "2021-08-08 19:56:09 +0100"
    },
    "done": true
  },
  "minecraft:recipes/brewing/golden_carrot": {
    "criteria": {
      "has_gold_nugget": "2021-08-08 20:28:31 +0100"
    },
    "done": true
  },
  "minecraft:recipes/tools/wooden_hoe": {
    "criteria": {
      "has_stick": "2021-08-08 19:50:19 +0100"
    },
    "done": true
  },
  "minecraft:recipes/combat/shield": {
    "criteria": {
      "has_iron_ingot": "2021-08-08 20:27:59 +0100"
    },
    "done": true
  },
  "minecraft:recipes/building_blocks/cobblestone_slab": {
    "criteria": {
      "has_cobblestone": "2021-08-08 19:52:49 +0100"
    },
    "done": true
  },
  "minecraft:recipes/misc/bucket": {
    "criteria": {
      "has_iron_ingot": "2021-08-08 20:27:59 +0100"
    },
    "done": true
  },
  "minecraft:recipes/brewing/speckled_melon": {
    "criteria": {
      "has_melon": "2021-08-08 20:00:01 +0100"
    },
    "done": true
  },
  "minecraft:recipes/redstone/hopper": {
    "criteria": {
      "has_iron_ingot": "2021-08-08 20:27:59 +0100"
    },
    "done": true
  },
  "dungeontactics:recipes/misc/convenience/clayball_from_clay": {
    "criteria": {
      "has_clayball": "2021-08-08 20:28:31 +0100"
    },
    "done": true
  },
  "vampirism:main/root": {
    "criteria": {
      "main": "2021-08-08 21:00:40 +0100"
    },
    "done": true
  },
  "tombstone:tutorial/info_grave_key": {
    "criteria": {
      "grave_key": "2021-08-08 19:56:09 +0100"
    },
    "done": true
  },
  "biomesoplenty:recipes/buildingblocks/sacred_oak_wooden_slab": {
    "criteria": {
      "has_planks": "2021-08-08 22:08:37 +0100"
    },
    "done": true
  },
  "minecraft:recipes/redstone/fence_gate": {
    "criteria": {
      "has_planks": "2021-08-08 19:50:18 +0100"
    },
    "done": true
  },
  "biomesoplenty:recipes/transportation/boat_mangrove": {
    "criteria": {
      "entered_water": "2021-08-08 21:05:53 +0100"
    },
    "done": true
  },
  "biomesoplenty:recipes/redstone/sacred_oak_door": {
    "criteria": {
      "has_planks": "2021-08-08 22:08:37 +0100"
    },
    "done": true
  },
  "enderioconduits:root": {
    "criteria": {
      "inv_changed-enderio:clay": "2021-08-08 20:28:31 +0100",
      "inv_changed-enderio:sand": "2021-08-08 21:33:10 +0100"
    },
    "done": false
  },
  "minecraft:recipes/building_blocks/light_gray_concrete_powder": {
    "criteria": {
      "has_sand": "2021-08-08 21:33:10 +0100"
    },
    "done": true
  },
  "minecraft:recipes/building_blocks/light_blue_concrete_powder": {
    "criteria": {
      "has_sand": "2021-08-08 21:33:10 +0100"
    },
    "done": true
  },
  "nuclearcraft:root": {
    "criteria": {
      "location": "2021-08-08 19:44:52 +0100"
    },
    "done": true
  },
  "biomesoplenty:recipes/transportation/boat_eucalyptus": {
    "criteria": {
      "entered_water": "2021-08-08 21:05:53 +0100"
    },
    "done": true
  },
  "dungeontactics:dungeoneering/root": {
    "criteria": {
      "kill": "2021-08-08 19:54:24 +0100"
    },
    "done": true
  },
  "minecraft:recipes/tools/golden_shovel": {
    "criteria": {
      "has_gold_ingot": "2021-08-08 20:20:55 +0100"
    },
    "done": true
  },
  "minecraft:recipes/combat/iron_helmet": {
    "criteria": {
      "has_iron_ingot": "2021-08-08 20:27:58 +0100"
    },
    "done": true
  },
  "rats:rats/rat_music_disc": {
    "criteria": {
      "mice_on_venus": "2021-08-08 21:10:19 +0100"
    },
    "done": true
  },
  "minecraft:recipes/building_blocks/pink_concrete_powder": {
    "criteria": {
      "has_sand": "2021-08-08 21:33:10 +0100"
    },
    "done": true
  },
  "minecraft:recipes/combat/bow": {
    "criteria": {
      "has_string": "2021-08-08 19:50:33 +0100"
    },
    "done": true
  },
  "inventorypets:inventorypets/root": {
    "criteria": {
      "auto": "2021-08-08 19:44:52 +0100"
    },
    "done": true
  },
  "ebwizardry:discover_master_spell": {
    "criteria": {
      "criteria_0": "2021-08-08 20:18:42 +0100"
    },
    "done": true
  },
  "minecraft:recipes/redstone/tnt": {
    "criteria": {
      "has_gunpowder": "2021-08-08 21:20:35 +0100"
    },
    "done": true
  },
  "dungeontactics:recipes/misc/dungeonpedia": {
    "criteria": {
      "has_book": "2021-08-08 20:48:14 +0100"
    },
    "done": true
  },
  "minecraft:recipes/building_blocks/granite": {
    "criteria": {
      "has_quartz": "2021-08-08 20:34:18 +0100"
    },
    "done": true
  },
  "minecraft:recipes/building_blocks/purple_concrete_powder": {
    "criteria": {
      "has_sand": "2021-08-08 21:33:10 +0100"
    },
    "done": true
  },
  "minecraft:recipes/decorations/iron_bars": {
    "criteria": {
      "has_iron_ingot": "2021-08-08 20:27:59 +0100"
    },
    "done": true
  },
  "minecraft:recipes/misc/sugar": {
    "criteria": {
      "has_reeds": "2021-08-08 21:53:32 +0100"
    },
    "done": true
  },
  "dungeontactics:recipes/armour/iron_plate_armour": {
    "criteria": {
      "has_item": "2021-08-08 20:27:59 +0100"
    },
    "done": true
  },
  "biomesoplenty:recipes/decorations/crafting_table_from_bop_wood": {
    "criteria": {
      "has_planks": "2021-08-08 22:08:37 +0100"
    },
    "done": true
  },
  "minecraft:recipes/building_blocks/gold_block": {
    "criteria": {
      "has_at_least_9_gold_ingot": "2021-08-08 20:56:51 +0100"
    },
    "done": true
  },
  "dungeontactics:recipes/tools/magic_scroll": {
    "criteria": {
      "has_item": "2021-08-08 19:59:51 +0100"
    },
    "done": true
  },
  "minecraft:recipes/redstone/comparator": {
    "criteria": {
      "has_quartz": "2021-08-08 20:34:18 +0100"
    },
    "done": true
  },
  "minecraft:story/mine_stone": {
    "criteria": {
      "get_stone": "2021-08-08 19:52:49 +0100"
    },
    "done": true
  },
  "biomesoplenty:biomesoplenty/all_biomes": {
    "criteria": {
      "woodland": "2021-08-08 21:04:28 +0100",
      "orchard": "2021-08-08 19:44:52 +0100"
    },
    "done": false
  },
  "dungeontactics:recipes/misc/brazier": {
    "criteria": {
      "has_torch": "2021-08-08 20:14:41 +0100"
    },
    "done": true
  },
  "minecraft:recipes/transportation/minecart": {
    "criteria": {
      "has_iron_ingot": "2021-08-08 20:27:59 +0100"
    },
    "done": true
  },
  "minecraft:recipes/decorations/furnace": {
    "criteria": {
      "has_cobblestone": "2021-08-08 19:52:49 +0100"
    },
    "done": true
  },
  "minecraft:recipes/brewing/cauldron": {
    "criteria": {
      "has_water_bucket": "2021-08-08 21:04:28 +0100"
    },
    "done": true
  },
  "minecraft:adventure/sleep_in_bed": {
    "criteria": {
      "slept_in_bed": "2021-08-08 20:13:18 +0100"
    },
    "done": true
  },
  "minecraft:recipes/building_blocks/sandstone": {
    "criteria": {
      "has_sand": "2021-08-08 21:33:10 +0100"
    },
    "done": true
  },
  "tombstone:tutorial/enchant_grave_key": {
    "criteria": {
      "has_upgraded_grave_key": "2021-08-08 19:56:09 +0100"
    },
    "done": true
  },
  "minecraft:recipes/tools/iron_hoe": {
    "criteria": {
      "has_iron_ingot": "2021-08-08 20:27:58 +0100"
    },
    "done": true
  },
  "minecraft:recipes/tools/wooden_pickaxe": {
    "criteria": {
      "has_stick": "2021-08-08 19:50:19 +0100"
    },
    "done": true
  },
  "minecraft:husbandry/root": {
    "criteria": {
      "consumed_item": "2021-08-08 20:03:23 +0100"
    },
    "done": true
  },
  "minecraft:recipes/transportation/birch_boat": {
    "criteria": {
      "entered_water": "2021-08-08 21:05:53 +0100"
    },
    "done": true
  },
  "minecraft:recipes/food/golden_apple": {
    "criteria": {
      "has_gold_ingot": "2021-08-08 20:20:55 +0100"
    },
    "done": true
  },
  "minecraft:recipes/building_blocks/oak_stairs": {
    "criteria": {
      "has_planks": "2021-08-08 19:50:18 +0100"
    },
    "done": true
  },
  "minecraft:recipes/building_blocks/green_concrete_powder": {
    "criteria": {
      "has_sand": "2021-08-08 21:33:10 +0100"
    },
    "done": true
  },
  "rats:rats/root": {
    "criteria": {
      "tick": "2021-08-08 19:44:53 +0100"
    },
    "done": true
  },
  "dungeontactics:recipes/weapons/bombs": {
    "criteria": {
      "has_item": "2021-08-08 21:20:35 +0100"
    },
    "done": true
  },
  "minecraft:recipes/misc/light_gray_dye_from_ink_bonemeal": {
    "criteria": {
      "has_black_dye": "2021-08-08 20:10:33 +0100"
    },
    "done": true
  },
  "minecraft:recipes/tools/iron_shovel": {
    "criteria": {
      "has_iron_ingot": "2021-08-08 20:27:59 +0100"
    },
    "done": true
  },
  "minecraft:recipes/transportation/acacia_boat": {
    "criteria": {
      "entered_water": "2021-08-08 21:05:53 +0100"
    },
    "done": true
  },
  "dungeontactics:recipes/tools/magic_pouch": {
    "criteria": {
      "has_item": "2021-08-08 19:59:51 +0100"
    },
    "done": true
  },
  "minecraft:recipes/redstone/iron_trapdoor": {
    "criteria": {
      "has_iron_ingot": "2021-08-08 20:27:59 +0100"
    },
    "done": true
  },
  "biomesoplenty:recipes/transportation/boat_redwood": {
    "criteria": {
      "entered_water": "2021-08-08 21:05:53 +0100"
    },
    "done": true
  },
  "minecraft:adventure/root": {
    "criteria": {
      "killed_something": "2021-08-08 19:54:24 +0100"
    },
    "done": true
  },
  "minecraft:recipes/building_blocks/white_concrete_powder": {
    "criteria": {
      "has_sand": "2021-08-08 21:33:10 +0100"
    },
    "done": true
  },
  "minecraft:recipes/tools/stone_hoe": {
    "criteria": {
      "has_cobblestone": "2021-08-08 19:52:49 +0100"
    },
    "done": true
  },
  "minecraft:recipes/decorations/spruce_fence": {
    "criteria": {
      "has_planks": "2021-08-08 21:52:12 +0100"
    },
    "done": true
  },
  "biomesoplenty:recipes/transportation/boat_umbran": {
    "criteria": {
      "entered_water": "2021-08-08 21:05:53 +0100"
    },
    "done": true
  },
  "tombstone:tutorial/cancel_ghostly_shape": {
    "criteria": {
      "coded_trigger": "2021-08-08 21:23:24 +0100"
    },
    "done": true
  },
  "minecraft:recipes/combat/spectral_arrow": {
    "criteria": {
      "has_glowstone_dust": "2021-08-08 21:09:04 +0100"
    },
    "done": true
  },
  "roots:pacifist": {
    "criteria": {
      "book": "2021-08-08 19:54:24 +0100"
    },
    "done": true
  },
  "minecraft:adventure/kill_all_mobs": {
    "criteria": {
      "spider": "2021-08-08 21:30:21 +0100",
      "creeper": "2021-08-08 21:33:53 +0100"
    },
    "done": false
  },
  "bewitchment:mined_salt": {
    "criteria": {
      "hat": "2021-08-08 20:48:14 +0100"
    },
    "done": true
  },
  "advancedrocketry:normal/root": {
    "criteria": {
      "crafting_table": "2021-08-08 19:50:16 +0100"
    },
    "done": true
  },
  "biomesoplenty:recipes/decorations/sacred_oak_fence": {
    "criteria": {
      "has_planks": "2021-08-08 22:08:37 +0100"
    },
    "done": true
  },
  "biomesoplenty:recipes/redstone/wooden_button_from_bop_wood": {
    "criteria": {
      "has_planks": "2021-08-08 22:08:37 +0100"
    },
    "done": true
  },
  "minecraft:recipes/misc/light_gray_dye_from_azure_bluet": {
    "criteria": {
      "has_red_flower": "2021-08-08 20:04:46 +0100"
    },
    "done": true
  },
  "minecraft:recipes/building_blocks/spruce_stairs": {
    "criteria": {
      "has_planks": "2021-08-08 21:52:12 +0100"
    },
    "done": true
  },
  "twilightforest:alt/compat/tc_aspects": {
    "criteria": {
      "crystal_essence": "2021-08-08 20:38:04 +0100"
    },
    "done": true
  },
  "tombstone:tutorial/first_grave": {
    "criteria": {
      "coded_trigger": "2021-08-08 19:56:06 +0100"
    },
    "done": true
  },
  "dungeontactics:recipes/misc/flour": {
    "criteria": {
      "has_wheat": "2021-08-08 21:38:51 +0100"
    },
    "done": true
  },
  "biomesoplenty:recipes/transportation/boat_magic": {
    "criteria": {
      "entered_water": "2021-08-08 21:05:53 +0100"
    },
    "done": true
  },
  "biomesoplenty:biomesoplenty/sacred_oak_sapling": {
    "criteria": {
      "sacred_oak_sapling": "2021-08-08 20:08:09 +0100"
    },
    "done": true
  },
  "minecraft:story/upgrade_tools": {
    "criteria": {
      "stone_pickaxe": "2021-08-08 19:53:03 +0100"
    },
    "done": true
  },
  "buildcraftcore:root": {
    "criteria": {
      "has_stick": "2021-08-08 19:50:19 +0100"
    },
    "done": true
  },
  "tombstone:tutorial/create_strange_scroll": {
    "criteria": {
      "has_strange_scroll": "2021-08-08 21:23:24 +0100"
    },
    "done": true
  },
  "biomesoplenty:recipes/transportation/boat_palm": {
    "criteria": {
      "entered_water": "2021-08-08 21:05:53 +0100"
    },
    "done": true
  },
  "minecraft:recipes/building_blocks/orange_concrete_powder": {
    "criteria": {
      "has_sand": "2021-08-08 21:33:10 +0100"
    },
    "done": true
  },
  "dungeontactics:recipes/misc/barrel": {
    "criteria": {
      "has_oak": "2021-08-08 19:50:18 +0100"
    },
    "done": true
  },
  "minecraft:recipes/building_blocks/cyan_concrete_powder": {
    "criteria": {
      "has_sand": "2021-08-08 21:33:10 +0100"
    },
    "done": true
  },
  "minecraft:recipes/combat/golden_boots": {
    "criteria": {
      "has_gold_ingot": "2021-08-08 20:20:55 +0100"
    },
    "done": true
  },
  "minecraft:recipes/tools/wooden_axe": {
    "criteria": {
      "has_stick": "2021-08-08 19:50:19 +0100"
    },
    "done": true
  },
  "dungeontactics:recipes/weapons/slingshot": {
    "criteria": {
      "has_item": "2021-08-08 19:50:33 +0100"
    },
    "done": true
  },
  "vampirism:main/ancient_knowledge": {
    "criteria": {
      "blood_container": "2021-08-08 20:44:30 +0100"
    },
    "done": true
  },
  "dungeontactics:recipes/armour/golden_plate_armour": {
    "criteria": {
      "has_item": "2021-08-08 20:20:55 +0100"
    },
    "done": true
  },
  "minecraft:recipes/misc/cyan_dye": {
    "criteria": {
      "has_lapis": "2021-08-08 21:25:39 +0100"
    },
    "done": true
  },
  "dungeontactics:recipes/misc/ration": {
    "criteria": {
      "has_item": "2021-08-08 21:26:51 +0100"
    },
    "done": true
  },
  "minecraft:recipes/misc/paper": {
    "criteria": {
      "has_reeds": "2021-08-08 21:53:32 +0100"
    },
    "done": true
  },
  "minecraft:recipes/misc/magenta_dye_from_lapis_ink_bonemeal": {
    "criteria": {
      "has_black_dye": "2021-08-08 20:10:33 +0100"
    },
    "done": true
  },
  "minecraft:recipes/combat/golden_chestplate": {
    "criteria": {
      "has_gold_ingot": "2021-08-08 20:20:55 +0100"
    },
    "done": true
  },
  "minecraft:recipes/misc/light_blue_dye_from_lapis_bonemeal": {
    "criteria": {
      "has_lapis": "2021-08-08 21:25:39 +0100"
    },
    "done": true
  },
  "treasure2:recipes/pilferers_lock_pick": {
    "criteria": {
      "has_iron_ingot": "2021-08-08 20:27:59 +0100"
    },
    "done": true
  },
  "dungeontactics:recipes/tools/ducttape": {
    "criteria": {
      "has_item": "2021-08-08 20:10:33 +0100"
    },
    "done": true
  },
  "minecraft:recipes/misc/magenta_dye_from_lapis_red_pink": {
    "criteria": {
      "has_lapis": "2021-08-08 21:25:39 +0100"
    },
    "done": true
  },
  "treasure2:recipes/thiefs_lock_pick": {
    "criteria": {
      "has_iron_ingot": "2021-08-08 20:27:59 +0100"
    },
    "done": true
  },
  "dungeontactics:recipes/misc/ironlinks": {
    "criteria": {
      "has_ingot": "2021-08-08 20:27:59 +0100"
    },
    "done": true
  },
  "biomesoplenty:recipes/transportation/boat_fir": {
    "criteria": {
      "entered_water": "2021-08-08 21:05:53 +0100"
    },
    "done": true
  },
  "dungeontactics:recipes/weapons/potshot": {
    "criteria": {
      "has_gunpowder": "2021-08-08 21:20:35 +0100"
    },
    "done": true
  },
  "ebwizardry:crystal": {
    "criteria": {
      "criteria_0": "2021-08-08 20:09:15 +0100"
    },
    "done": true
  },
  "tombstone:tutorial/find_grave_dust": {
    "criteria": {
      "has_grave_dust": "2021-08-08 20:56:56 +0100"
    },
    "done": true
  },
  "treasure2:recipes/key_ring": {
    "criteria": {
      "has_iron_ingot": "2021-08-08 20:27:59 +0100"
    },
    "done": true
  },
  "minecraft:recipes/building_blocks/iron_block": {
    "criteria": {
      "has_at_least_9_iron_ingot": "2021-08-08 20:46:38 +0100"
    },
    "done": true
  },
  "biomesoplenty:recipes/transportation/boat_sacred_oak": {
    "criteria": {
      "entered_water": "2021-08-08 21:05:53 +0100"
    },
    "done": true
  },
  "minecraft:recipes/misc/red_dye_from_poppy": {
    "criteria": {
      "has_red_flower": "2021-08-08 20:09:57 +0100"
    },
    "done": true
  },
  "biomesoplenty:recipes/transportation/boat_pine": {
    "criteria": {
      "entered_water": "2021-08-08 21:05:53 +0100"
    },
    "done": true
  },
  "minecraft:recipes/redstone/wooden_pressure_plate": {
    "criteria": {
      "has_planks": "2021-08-08 19:50:18 +0100"
    },
    "done": true
  },
  "treasure2:recipes/treasure_tool": {
    "criteria": {
      "has_iron_ingot": "2021-08-08 20:27:59 +0100"
    },
    "done": true
  },
  "minecraft:recipes/building_blocks/stone_slab": {
    "criteria": {
      "has_stone": "2021-08-08 20:47:35 +0100"
    },
    "done": true
  },
  "minecraft:recipes/building_blocks/coal_block": {
    "criteria": {
      "has_at_least_9_coal": "2021-08-08 20:23:29 +0100"
    },
    "done": true
  },
  "mowziesmobs:root": {
    "criteria": {
      "custom_test_name": "2021-08-08 19:44:53 +0100"
    },
    "done": true
  },
  "minecraft:recipes/misc/yellow_dye_from_dandelion": {
    "criteria": {
      "has_yellow_flower": "2021-08-08 20:28:31 +0100"
    },
    "done": true
  },
  "minecraft:recipes/building_blocks/clay": {
    "criteria": {
      "has_clay_ball": "2021-08-08 20:28:31 +0100"
    },
    "done": true
  },
  "minecraft:recipes/redstone/light_weighted_pressure_plate": {
    "criteria": {
      "has_gold_ingot": "2021-08-08 20:20:55 +0100"
    },
    "done": true
  },
  "bewitchment:root": {
    "criteria": {
      "tick": "2021-08-08 19:44:53 +0100"
    },
    "done": true
  },
  "biomesoplenty:recipes/redstone/wooden_pressure_plate_from_bop_wood": {
    "criteria": {
      "has_planks": "2021-08-08 22:08:37 +0100"
    },
    "done": true
  },
  "minecraft:recipes/redstone/wooden_button": {
    "criteria": {
      "has_planks": "2021-08-08 19:50:18 +0100"
    },
    "done": true
  },
  "minecraft:recipes/combat/wooden_sword": {
    "criteria": {
      "has_stick": "2021-08-08 19:50:19 +0100"
    },
    "done": true
  },
  "minecraft:recipes/tools/stone_shovel": {
    "criteria": {
      "has_cobblestone": "2021-08-08 19:52:49 +0100"
    },
    "done": true
  },
  "minecraft:recipes/building_blocks/oak_planks": {
    "criteria": {
      "has_log": "2021-08-08 19:49:50 +0100"
    },
    "done": true
  },
  "minecraft:recipes/building_blocks/blue_concrete_powder": {
    "criteria": {
      "has_sand": "2021-08-08 21:33:10 +0100"
    },
    "done": true
  },
  "biomesoplenty:recipes/transportation/boat_cherry": {
    "criteria": {
      "entered_water": "2021-08-08 21:05:53 +0100"
    },
    "done": true
  },
  "minecraft:recipes/building_blocks/gray_concrete_powder": {
    "criteria": {
      "has_sand": "2021-08-08 21:33:10 +0100"
    },
    "done": true
  },
  "minecraft:recipes/building_blocks/bookshelf": {
    "criteria": {
      "has_book": "2021-08-08 20:48:14 +0100"
    },
    "done": true
  },
  "minecraft:recipes/tools/golden_axe": {
    "criteria": {
      "has_gold_ingot": "2021-08-08 20:20:55 +0100"
    },
    "done": true
  },
  "dungeontactics:recipes/tools/climbing_rope": {
    "criteria": {
      "has_item": "2021-08-08 19:50:33 +0100"
    },
    "done": true
  },
  "minecraft:recipes/decorations/fence": {
    "criteria": {
      "has_planks": "2021-08-08 19:50:18 +0100"
    },
    "done": true
  },
  "minecraft:recipes/tools/iron_axe": {
    "criteria": {
      "has_iron_ingot": "2021-08-08 20:27:59 +0100"
    },
    "done": true
  },
  "minecraft:recipes/building_blocks/glowstone": {
    "criteria": {
      "has_glowstone_dust": "2021-08-08 21:09:04 +0100"
    },
    "done": true
  },
  "minecraft:recipes/combat/golden_helmet": {
    "criteria": {
      "has_gold_ingot": "2021-08-08 20:20:55 +0100"
    },
    "done": true
  },
  "bewitchment:mined_amethyst": {
    "criteria": {
      "hat": "2021-08-08 20:48:14 +0100"
    },
    "done": true
  },
  "minecraft:recipes/tools/lead": {
    "criteria": {
      "has_slime_ball": "2021-08-08 20:10:33 +0100"
    },
    "done": true
  },
  "minecraft:recipes/redstone/tripwire_hook": {
    "criteria": {
      "has_string": "2021-08-08 19:50:33 +0100"
    },
    "done": true
  },
  "minecraft:recipes/combat/iron_boots": {
    "criteria": {
      "has_iron_ingot": "2021-08-08 20:27:59 +0100"
    },
    "done": true
  },
  "ebwizardry:root": {
    "criteria": {
      "criteria_0": "2021-08-08 20:09:15 +0100"
    },
    "done": true
  },
  "dungeontactics:recipes/misc/lantern_magic": {
    "criteria": {
      "has_mcguffin": "2021-08-08 19:59:51 +0100"
    },
    "done": true
  },
  "biomesoplenty:biomesoplenty/root": {
    "criteria": {
      "yellow_flower": "2021-08-08 20:04:46 +0100",
      "red_flower": "2021-08-08 20:04:46 +0100"
    },
    "done": true
  },
  "minecraft:recipes/misc/bone_meal_from_bone": {
    "criteria": {
      "has_bone": "2021-08-08 19:55:46 +0100"
    },
    "done": true
  },
  "minecraft:recipes/building_blocks/black_concrete_powder": {
    "criteria": {
      "has_sand": "2021-08-08 21:33:10 +0100"
    },
    "done": true
  },
  "minecraft:story/iron_tools": {
    "criteria": {
      "iron_pickaxe": "2021-08-08 20:29:35 +0100"
    },
    "done": true
  },
  "biomesoplenty:recipes/transportation/boat_ebony": {
    "criteria": {
      "entered_water": "2021-08-08 21:05:53 +0100"
    },
    "done": true
  },
  "biomesoplenty:recipes/transportation/boat_hellbark": {
    "criteria": {
      "entered_water": "2021-08-08 21:05:53 +0100"
    },
    "done": true
  },
  "minecraft:recipes/building_blocks/spruce_wooden_slab": {
    "criteria": {
      "has_planks": "2021-08-08 21:52:12 +0100"
    },
    "done": true
  },
  "minecraft:story/root": {
    "criteria": {
      "crafting_table": "2021-08-08 19:50:15 +0100"
    },
    "done": true
  },
  "minecraft:recipes/redstone/stone_button": {
    "criteria": {
      "has_stone": "2021-08-08 20:47:35 +0100"
    },
    "done": true
  },
  "minecraft:recipes/combat/iron_chestplate": {
    "criteria": {
      "has_iron_ingot": "2021-08-08 20:27:59 +0100"
    },
    "done": true
  },
  "dungeontactics:dungeoneering/born_survivor": {
    "criteria": {
      "stab": "2021-08-08 19:44:52 +0100",
      "ration": "2021-08-08 20:46:24 +0100",
      "cherrybomb": "2021-08-08 20:03:23 +0100"
    },
    "done": false
  },
  "dungeontactics:recipes/weapons/wooden_weapons": {
    "criteria": {
      "has_item": "2021-08-08 19:50:19 +0100"
    },
    "done": true
  },
  "dungeontactics:recipes/tools/fire_starter": {
    "criteria": {
      "has_item": "2021-08-08 19:50:19 +0100"
    },
    "done": true
  },
  "minecraft:recipes/building_blocks/red_concrete_powder": {
    "criteria": {
      "has_sand": "2021-08-08 21:33:10 +0100"
    },
    "done": true
  },
  "minecraft:recipes/building_blocks/string_to_wool": {
    "criteria": {
      "has_string": "2021-08-08 19:50:33 +0100"
    },
    "done": true
  },
  "biomesoplenty:recipes/transportation/boat_mahogany": {
    "criteria": {
      "entered_water": "2021-08-08 21:05:53 +0100"
    },
    "done": true
  },
  "tombstone:tutorial/root": {
    "criteria": {
      "auto": "2021-08-08 19:44:52 +0100"
    },
    "done": true
  },
  "minecraft:adventure/kill_a_mob": {
    "criteria": {
      "spider": "2021-08-08 21:30:21 +0100"
    },
    "done": true
  },
  "minecraft:recipes/tools/golden_pickaxe": {
    "criteria": {
      "has_gold_ingot": "2021-08-08 20:20:55 +0100"
    },
    "done": true
  },
  "rats:rats/cheese": {
    "criteria": {
      "iron_pickaxe": "2021-08-08 19:49:16 +0100"
    },
    "done": true
  },
  "twilightforest:alt/treasures/steeleaf_armor_set": {
    "criteria": {
      "helmet": "2021-08-08 21:09:06 +0100"
    },
    "done": true
  },
  "mod_lavacow:mod_lavacow/root": {
    "criteria": {
      "tick": "2021-08-08 19:44:53 +0100"
    },
    "done": true
  },
  "minecraft:recipes/redstone/sticky_piston": {
    "criteria": {
      "has_slime_ball": "2021-08-08 20:10:33 +0100"
    },
    "done": true
  },
  "tombstone:recipes/from_grave_dust": {
    "criteria": {
      "has_ingredient": "2021-08-08 20:56:56 +0100"
    },
    "done": true
  },
  "minecraft:recipes/building_blocks/quartz_block": {
    "criteria": {
      "has_quartz": "2021-08-08 20:34:18 +0100"
    },
    "done": true
  },
  "dungeontactics:recipes/misc/lantern_iron": {
    "criteria": {
      "has_torch": "2021-08-08 20:14:41 +0100"
    },
    "done": true
  },
  "minecraft:recipes/building_blocks/polished_andesite": {
    "criteria": {
      "has_stone": "2021-08-08 20:03:48 +0100"
    },
    "done": true
  },
  "ebwizardry:discover_spell": {
    "criteria": {
      "criteria_0": "2021-08-08 20:18:42 +0100"
    },
    "done": true
  },
  "twilightforest:alt/treasures/armors": {
    "criteria": {
      "2": "2021-08-08 21:09:06 +0100"
    },
    "done": true
  },
  "minecraft:recipes/misc/gray_dye": {
    "criteria": {
      "has_black_dye": "2021-08-08 20:10:33 +0100"
    },
    "done": true
  },
  "buildcraftfactory:recipes/water_gel_spawn": {
    "criteria": {
      "has_sand": "2021-08-08 21:33:10 +0100"
    },
    "done": true
  },
  "minecraft:adventure/adventuring_time": {
    "criteria": {
      "plains": "2021-08-08 21:23:55 +0100"
    },
    "done": false
  },
  "minecraft:recipes/redstone/iron_door": {
    "criteria": {
      "has_iron_ingot": "2021-08-08 20:27:59 +0100"
    },
    "done": true
  },
  "minecraft:recipes/misc/book": {
    "criteria": {
      "has_paper": "2021-08-08 19:49:16 +0100"
    },
    "done": true
  },
  "tombstone:recipes/from_strange_scroll": {
    "criteria": {
      "has_ingredient": "2021-08-08 21:23:24 +0100"
    },
    "done": true
  },
  "minecraft:recipes/combat/stone_sword": {
    "criteria": {
      "has_cobblestone": "2021-08-08 19:52:49 +0100"
    },
    "done": true
  },
  "biomesoplenty:recipes/transportation/boat_willow": {
    "criteria": {
      "entered_water": "2021-08-08 21:05:53 +0100"
    },
    "done": true
  },
  "minecraft:recipes/decorations/cobblestone_wall": {
    "criteria": {
      "has_cobblestone": "2021-08-08 19:52:49 +0100"
    },
    "done": true
  },
  "minecraft:recipes/tools/stone_pickaxe": {
    "criteria": {
      "has_cobblestone": "2021-08-08 19:52:49 +0100"
    },
    "done": true
  },
  "buildcraftlib:recipes/guide_book": {
    "criteria": {
      "has_paper": "2021-08-08 19:49:16 +0100"
    },
    "done": true
  },
  "minecraft:recipes/redstone/stone_pressure_plate": {
    "criteria": {
      "has_stone": "2021-08-08 20:47:35 +0100"
    },
    "done": true
  },
  "minecraft:husbandry/plant_seed": {
    "criteria": {
      "pumpkin_stem": "2021-08-08 21:10:51 +0100"
    },
    "done": true
  },
  "minecraft:recipes/transportation/boat": {
    "criteria": {
      "entered_water": "2021-08-08 21:05:53 +0100"
    },
    "done": true
  },
  "minecraft:recipes/misc/purple_dye": {
    "criteria": {
      "has_lapis": "2021-08-08 21:25:39 +0100"
    },
    "done": true
  },
  "capsule:recipes/tools/capsule_wood": {
    "criteria": {
      "has_plankWood": "2021-08-08 19:50:18 +0100"
    },
    "done": true
  },
  "minecraft:recipes/transportation/jungle_boat": {
    "criteria": {
      "entered_water": "2021-08-08 21:05:53 +0100"
    },
    "done": true
  },
  "botania:main/bauble_wear": {
    "criteria": {
      "code_triggered": "2021-08-08 20:18:17 +0100"
    },
    "done": true
  },
  "appliedenergistics2:main/root": {
    "criteria": {
      "certus": "2021-08-08 20:31:35 +0100"
    },
    "done": true
  },
  "reskillable:main/root": {
    "criteria": {
      "level_up": "2021-08-08 20:42:09 +0100"
    },
    "done": true
  },
  "dungeontactics:recipes/misc/convenience/sticks_from_saplings": {
    "criteria": {
      "has_sapling": "2021-08-08 19:49:52 +0100"
    },
    "done": true
  },
  "dungeontactics:recipes/misc/convenience/books_from_shelves": {
    "criteria": {
      "has_book": "2021-08-08 20:48:14 +0100"
    },
    "done": true
  },
  "minecraft:recipes/redstone/heavy_weighted_pressure_plate": {
    "criteria": {
      "has_iron_ingot": "2021-08-08 20:27:59 +0100"
    },
    "done": true
  },
  "minecraft:recipes/redstone/daylight_detector": {
    "criteria": {
      "has_quartz": "2021-08-08 20:34:18 +0100"
    },
    "done": true
  },
  "minecraft:recipes/food/pumpkin_pie": {
    "criteria": {
      "has_pumpkin": "2021-08-08 21:38:48 +0100"
    },
    "done": true
  },
  "minecraft:recipes/transportation/dark_oak_boat": {
    "criteria": {
      "entered_water": "2021-08-08 21:05:53 +0100"
    },
    "done": true
  },
  "ebwizardry:handbook/crystal_flowers": {
    "criteria": {
      "criteria_0": "2021-08-08 19:50:39 +0100"
    },
    "done": true
  },
  "instrumentalmobs:instrumentalmobs/root": {
    "criteria": {
      "drum": "2021-08-08 21:26:05 +0100"
    },
    "done": true
  },
  "biomesoplenty:recipes/transportation/boat_jacaranda": {
    "criteria": {
      "entered_water": "2021-08-08 21:05:53 +0100"
    },
    "done": true
  },
  "dungeontactics:dungeoneering/get_lootbag": {
    "criteria": {
      "food": "2021-08-08 19:59:49 +0100"
    },
    "done": true
  },
  "minecraft:recipes/building_blocks/lapis_block": {
    "criteria": {
      "has_at_least_9_lapis": "2021-08-08 21:25:39 +0100"
    },
    "done": true
  },
  "tombstone:tutorial/teleport_to_grave": {
    "criteria": {
      "coded_trigger": "2021-08-08 19:56:16 +0100"
    },
    "done": true
  },
  "minecraft:recipes/building_blocks/lit_pumpkin": {
    "criteria": {
      "has_pumpkin": "2021-08-08 21:38:48 +0100"
    },
    "done": true
  },
  "biomesoplenty:recipes/misc/sand_from_dried_sand": {
    "criteria": {
      "has_gem_block": "2021-08-08 21:04:28 +0100"
    },
    "done": true
  },
  "fossil:fossil/break_fossil": {
    "criteria": {
      "plant_fossil": "2021-08-08 21:19:36 +0100"
    },
    "done": true
  },
  "minecraft:recipes/building_blocks/stonebrick": {
    "criteria": {
      "has_stone": "2021-08-08 20:47:35 +0100"
    },
    "done": true
  },
  "minecraft:recipes/combat/golden_leggings": {
    "criteria": {
      "has_gold_ingot": "2021-08-08 20:20:55 +0100"
    },
    "done": true
  },
  "dungeontactics:recipes/armour/studded_armour": {
    "criteria": {
      "has_item": "2021-08-08 20:27:59 +0100"
    },
    "done": true
  },
  "minecraft:recipes/building_blocks/melon_block": {
    "criteria": {
      "has_melon": "2021-08-08 20:00:01 +0100"
    },
    "done": true
  },
  "biomesoplenty:recipes/buildingblocks/sacred_oak_stairs": {
    "criteria": {
      "has_planks": "2021-08-08 22:08:37 +0100"
    },
    "done": true
  },
  "biomesoplenty:recipes/redstone/sacred_oak_fence_gate": {
    "criteria": {
      "has_planks": "2021-08-08 22:08:37 +0100"
    },
    "done": true
  },
  "dungeontactics:recipes/armour/stone_plate_armour": {
    "criteria": {
      "has_item": "2021-08-08 19:52:49 +0100"
    },
    "done": true
  },
  "minecraft:recipes/building_blocks/stone_stairs": {
    "criteria": {
      "has_cobblestone": "2021-08-08 19:52:49 +0100"
    },
    "done": true
  },
  "biomesoplenty:recipes/misc/mud_from_dirt": {
    "criteria": {
      "has_gem_block": "2021-08-08 21:04:28 +0100"
    },
    "done": true
  },
  "fossil:fossil/root": {
    "criteria": {
      "tick": "2021-08-08 19:44:53 +0100"
    },
    "done": true
  },
  "minecraft:recipes/misc/light_gray_dye_from_oxeye_daisy": {
    "criteria": {
      "has_red_flower": "2021-08-08 21:07:29 +0100"
    },
    "done": true
  },
  "dungeontactics:recipes/traps/powderkeg": {
    "criteria": {
      "has_gunpowder": "2021-08-08 21:20:35 +0100"
    },
    "done": true
  },
  "minecraft:story/smelt_iron": {
    "criteria": {
      "iron": "2021-08-08 20:27:59 +0100"
    },
    "done": true
  },
  "minecraft:recipes/tools/stone_axe": {
    "criteria": {
      "has_cobblestone": "2021-08-08 19:52:49 +0100"
    },
    "done": true
  },
  "lootgames:root": {
    "criteria": {
      "crafting_table": "2021-08-08 19:50:16 +0100"
    },
    "done": true
  },
  "minecraft:recipes/redstone/wooden_door": {
    "criteria": {
      "has_planks": "2021-08-08 19:50:18 +0100"
    },
    "done": true
  },
  "minecraft:recipes/decorations/slime": {
    "criteria": {
      "has_at_least_9_slime_ball": "2021-08-08 20:28:31 +0100"
    },
    "done": true
  }
}