{
	"version": "1.0",
	"category": "armor",
	"rarity": "uncommon",
	"pools": [
		{
			"name": "treasure",
			"rolls": 2,
			"entries": [
                {
                    "type": "loot_table",
                    "name": "treasure2:pools/treasure/uncommon",
                    "weight": 30
                }
			]
		},
		{
			"name": "charms",
			"rolls": 1,
			"entries": [
                {
                    "type": "loot_table",
                    "name": "treasure2:pools/treasure/uncommon_charms",
                    "weight": 1
                }
			]
		},
		{
			"name": "items",
			"rolls": {
				"min": 2,
				"max": 4
			},
			"entries": [
                {
                    "type": "loot_table",
                    "name": "treasure2:pools/items/uncommon",
                    "weight": 1
                }
			]
		},
		{
			"name": "armor",
			"rolls": {
				"min": 1,
				"max": 2
			},
			"entries": [
                {
                    "type": "loot_table",
                    "name": "treasure2:pools/armor/uncommon",
                    "weight": 1
                }
			]
		},
		{
			"name": "food",
			"rolls": {
				"min": 0,
				"max": 2
			},
			"entries": [
	                {
                    "type": "loot_table",
                    "name": "treasure2:pools/food/uncommon",
                    "weight": 1
                }
			]
		},
		{
			"name": "tools",
			"rolls": 1,
			"entries": [
		                {
                    "type": "loot_table",
                    "name": "treasure2:pools/tools/uncommon",
                    "weight": 1
                }
			]
		},

		{
			"name": "common_items",
			"rolls": {
				"min": 0,
				"max": 2
			},
			"entries": [
                {
                    "type": "loot_table",
                    "name": "treasure2:pools/items/common",
                    "weight": 1
                }
			]
		},
		{
			"name": "common_armor",
			"rolls": {
				"min": 0,
				"max": 2
			},
			"entries": [
                {
                    "type": "loot_table",
                    "name": "treasure2:pools/armor/common",
                    "weight": 1
                }
			]
		},
		{
			"name": "common_food",
			"rolls": {
				"min": 0,
				"max": 1
			},
			"entries": [
	                {
                    "type": "loot_table",
                    "name": "treasure2:pools/food/common",
                    "weight": 1
                }
			]
		},
		{
			"name": "common_tools",
			"rolls": {
				"min": 0,
				"max": 2
			},
			"entries": [
		                {
                    "type": "loot_table",
                    "name": "treasure2:pools/tools/common",
                    "weight": 1
                }
			]
		}
	]
}
