{"stat.drop.ftbquests.book":2,"stat.pickup.minecraft.bone":6,"stat.leaveGame":1,"stat.mineBlock.ebwizardry.crystal_flower":1,"stat.mineBlock.minecraft.cobblestone":4,"stat.pickup.minecraft.stone_pickaxe":1,"stat.mineBlock.minecraft.yellow_flower":1,"stat.pickup.minecraft.leather_chestplate":2,"stat.mineBlock.actuallyadditions.block_misc":2,"stat.killEntity.vampirism.vampire":1,"stat.mineBlock.charm.crate_sealed":1,"stat.swimOneCm":7253,"stat.climbOneCm":29557,"stat.pickup.minecraft.enchanted_book":2,"stat.mineBlock.minecraft.spruce_stairs":2,"stat.drop.minecraft.cobblestone":1,"stat.pickup.rats.cheese":10,"stat.mineBlock.quark.roots":6,"stat.pickup.xreliquary.mob_ingredient":1,"stat.useItem.harvestcraft.jaffaitem":1,"stat.useItem.minecraft.dirt":2,"stat.pickup.wings.fairy_dust":3,"stat.useItem.minecraft.stone_slab2":12,"stat.pickup.rats.rat_burger":12,"stat.killEntity.primitivemobs.skeleton_warrior":4,"stat.killEntity.primitivemobs.mother_spider":2,"stat.pickup.minecraft.rotten_flesh":2,"stat.pickup.ghostsexplosives.dust_potassium_nitrate":4,"stat.pickup.practicallogistics2.sapphire":5,"stat.pickup.stupidthings.rubber_chicken":1,"stat.pickup.thermalfoundation.ore":12,"stat.mineBlock.futuremc.barrel":1,"stat.entityKilledBy.primitivemobs.skeleton_warrior":5,"stat.pickup.mysticalworld.silkworm_egg":6,"stat.craftItem.structurize.sceptergold":1,"stat.mineBlock.fossil.permafrost":4,"stat.craftItem.minecraft.stone_pickaxe":1,"stat.pickup.minecraft.cobblestone":175,"stat.pickup.treasure2.blackstone":3,"stat.mineBlock.fossil.iced_stone":2,"stat.flyOneCm":50759,"stat.pickup.minecraft.glass_bottle":3,"stat.pickup.quark.marble":4,"stat.pickup.minecraft.redstone":14,"stat.mineBlock.minecraft.iron_ore":56,"stat.timeSinceDeath":9085,"stat.useItem.minecraft.iron_pickaxe":297,"stat.pickup.mod_lavacow.intestine":10,"stat.craftItem.minecraft.wooden_pickaxe":1,"stat.pickup.ghostsexplosives.sulfur":6,"stat.pickup.thermalfoundation.material":1,"stat.mineBlock.thermalfoundation.ore":12,"stat.furnaceInteraction":16,"stat.drop.minecraft.dirt":1,"stat.pickup.ebwizardry.magic_crystal":17,"stat.mineBlock.minecraft.coal_ore":62,"stat.mineBlock.futuremc.cornflower":1,"stat.killEntity.Creeper":1,"stat.pickup.minecraft.wooden_sword":1,"stat.pickup.actuallyadditions.item_solidified_experience":4,"stat.craftItem.thermalfoundation.material":2,"stat.pickup.minecraft.string":14,"stat.pickup.primitivemobs.spider_egg":1,"stat.pickup.tombstone.crafting_ingredient":1,"stat.craftItem.minecraft.stone_slab2":0,"stat.useItem.vampirism.vampire_book":1,"stat.pickup.ancientspellcraft.crystal_shard_sorcery":2,"stat.pickup.minecraft.leather_helmet":1,"stat.sprintOneCm":204220,"stat.craftItem.minecraft.stick":104,"stat.mineBlock.minecraft.diamond_ore":13,"stat.pickup.thaumcraft.crystal_essence":4,"stat.pickup.techreborn.gem":4,"stat.pickup.minecraft.pumpkin_seeds":1,"stat.pickup.dungeontactics.studded_boots":3,"stat.pickup.stupidthings.mine_turtle":1,"stat.pickup.minecraft.leather_leggings":3,"stat.useItem.harvestcraft.bolognasandwichitem":1,"stat.pickup.harvestcraft.kungpaochickenitem":8,"stat.mineBlock.quark.marble":4,"stat.mineBlock.minecraft.planks":4,"stat.deaths":10,"stat.drop":8,"stat.pickup.minecraft.egg":1,"stat.playOneMinute":134442,"stat.mineBlock.mysticalagriculture.prosperity_ore":5,"stat.craftItem.minecraft.iron_pickaxe":1,"stat.pickup.minecraft.slime_ball":8,"stat.craftItem.minecraft.diamond_pickaxe":1,"stat.pickup.iceandfire.chared_dirt":1,"stat.drop.minecraft.iron_ingot":3,"stat.mineBlock.minecraft.gold_ore":11,"stat.mineBlock.minecraft.tallgrass":4,"stat.diveOneCm":1235,"stat.chestOpened":35,"stat.pickup.fossil.iced_meat":4,"stat.pickup.minecraft.arrow":6,"stat.pickup.minecraft.gold_nugget":2,"stat.mineBlock.ghostsexplosives.ore_potassium":2,"stat.mineBlock.botania.mushroom":1,"stat.killEntity.instrumentalmobs:XylophoneSkeleton":1,"stat.jump":1171,"stat.pickup.futuremc.lantern":2,"stat.pickup.minecraft.coal":61,"stat.fallOneCm":20796,"stat.useItem.rats.rat_burger":9,"stat.pickup.minecraft.gunpowder":7,"stat.crouchOneCm":5313,"stat.pickup.minecraft.spider_eye":2,"stat.craftItem.minecraft.torch":184,"stat.craftItem.minecraft.iron_ingot":18,"stat.craftItem.minecraft.iron_helmet":1,"stat.pickup.minecraft.dirt":15,"stat.mineBlock.wings.amethyst_ore":1,"stat.killEntity.furantur":1,"stat.pickup.actuallyadditions.block_misc":2,"stat.pickup.minecraft.iron_ore":52,"stat.craftingTableInteraction":10,"stat.mineBlock.ancientspellcraft.crystal_ore_sorcery":2,"stat.pickup.minecraft.gold_ore":11,"stat.damageTaken":3587,"stat.mineBlock.ghostsexplosives.ore_sulfur":5,"stat.mineBlock.minecraft.torch":3,"stat.useItem.minecraft.wooden_pickaxe":50,"stat.pickup.ebwizardry.crystal_flower":1,"stat.mineBlock.biomesoplenty.plant_0":5,"stat.pickup.minecraft.dye":8,"stat.pickup.mysticalagriculture.crafting":14,"stat.pickup.minecraft.planks":4,"stat.pickup.biomesoplenty.plant_1":2,"stat.pickup.rats.block_of_cheese":16,"stat.pickup.minecraft.bed":1,"stat.entityKilledBy.primitivemobs.flame_spewer":1,"stat.useItem.tombstone.grave_key":4,"stat.pickup.minecraft.wheat_seeds":4,"stat.drop.biomesoplenty.plant_1":1,"stat.mineBlock.biomesoplenty.gem_ore":2,"stat.entityKilledBy.Zombie":1,"stat.useItem.minecraft.stone_pickaxe":24,"stat.damageDealt":3554,"stat.pickup.bewitchment.amethyst":7,"stat.sleepInBed":3,"stat.mineBlock.minecraft.dirt":15,"stat.killEntity.primitivemobs.baby_spider":8,"stat.mineBlock.iceandfire.chared_dirt":1,"stat.craftItem.minecraft.iron_sword":1,"stat.pickup.bewitchment.oak_apple_gall":2,"stat.walkOneCm":449217,"stat.mineBlock.biomesoplenty.leaves_3":47,"stat.useItem.minecraft.torch":94,"stat.killEntity.primitivemobs.bewitched_tome":2,"stat.pickup.minecraft.stick":24,"stat.useItem.minecraft.cobblestone":52,"stat.craftItem.minecraft.crafting_table":1,"stat.pickup.biomesoplenty.sapling_1":2,"stat.pickup.futuremc.barrel":1,"stat.mineBlock.quark.stone_speleothem":6,"stat.mineBlock.ebwizardry.crystal_ore":9,"stat.mineBlock.practicallogistics2.sapphireore":5,"stat.useItem.ancientwarfarenpc.iron_halberd":55,"stat.pickup.minecraft.log":14,"stat.mineBlock.techreborn.ore":4,"stat.pickup.minecraft.iron_pickaxe":1,"stat.pickup.minecraft.stone":1,"stat.craftItem.minecraft.iron_chestplate":1,"stat.pickup.minecraft.sapling":6,"stat.pickup.dungeontactics.bag_tool":1,"stat.pickup.biomesoplenty.gem":2,"stat.craftItem.minecraft.planks":56,"stat.useItem.minecraft.iron_sword":98,"stat.pickup.bewitchment.salt":14,"stat.killEntity.Spider":1,"stat.mobKills":23,"stat.pickup.minecraft.book":1,"stat.mineBlock.minecraft.log":15,"stat.pickup.minecraft.diamond":13,"stat.mineBlock.minecraft.leaves":131,"stat.pickup.minecraft.beetroot_seeds":1,"stat.useItem.minecraft.writable_book":1,"stat.mineBlock.wings.fairy_dust_ore":3,"stat.pickup.minecraft.torch":2,"stat.pickup.minecraft.spruce_stairs":2,"stat.mineBlock.bewitchment.salt_ore":4,"stat.mineBlock.treasure2.blackstone":3,"stat.mineBlock.minecraft.redstone_ore":3,"stat.sneakTime":1431,"stat.pickup.wings.amethyst":1,"stat.pickup.instrumentalmobs.drum":1,"stat.mineBlock.bewitchment.amethyst_ore":7,"stat.pickup.minecraft.yellow_flower":1,"stat.pickup.bewitchment.hellebore_seeds":1,"stat.mineBlock.minecraft.stone":133,"stat.pickup.ftbquests.book":1}