{"stat.chestOpened":49,"stat.drop.ftbquests.book":1,"stat.craftItem.minecraft.sign":3,"stat.pickup.minecraft.wooden_slab":5,"stat.pickup.ancientwarfarenpc.iron_halberd":1,"stat.useItem.minecraft.stone":39,"stat.craftItem.cookingforblockheads.cooking_table":2,"stat.entityKilledBy.furantur":1,"stat.mineBlock.minecraft.cobblestone":12,"stat.craftItem.akashictome.tome":1,"stat.pickup.minecraft.leather_chestplate":3,"stat.useItem.randomthings.endermailbox":1,"stat.mineBlock.ghostsexplosives.ore_potassium":11,"stat.mineBlock.treasure2.ironbound_chest":1,"stat.craftItem.biomesoplenty.planks_0":8,"stat.craftItem.minecraft.iron_nugget":9,"stat.swimOneCm":9536,"stat.jump":1179,"stat.pickup.minecraft.coal":106,"stat.climbOneCm":31489,"stat.fallOneCm":6177,"stat.pickup.minecraft.enchanted_book":2,"stat.pickup.minecraft.iron_ingot":4,"stat.useItem.minecraft.planks":64,"stat.drop.harvestcraft.kungpaochickenitem":1,"stat.pickup.actuallyadditions.block_black_lotus":1,"stat.useItem.rats.rat_burger":1,"stat.useItem.minecraft.stone_axe":6,"stat.pickup.rats.cheese":1,"stat.crouchOneCm":11380,"stat.craftItem.minecraft.chest":7,"stat.killEntity.primitivemobs.goblin":2,"stat.craftItem.minecraft.iron_ingot":20,"stat.useItem.harvestcraft.jaffaitem":1,"stat.pickup.minecraft.dirt":120,"stat.useItem.minecraft.dirt":16,"stat.useItem.minecraft.stone_slab2":38,"stat.killEntity.furantur":1,"stat.pickup.rats.rat_nugget_ore":3,"stat.craftingTableInteraction":17,"stat.pickup.minecraft.iron_ore":19,"stat.killEntity.primitivemobs.skeleton_warrior":1,"stat.killEntity.primitivemobs.mother_spider":1,"stat.pickup.ghostsexplosives.dust_potassium_nitrate":27,"stat.pickup.minecraft.sand":29,"stat.craftItem.minecraft.furnace":3,"stat.boatOneCm":8624,"stat.pickup.thermalfoundation.ore":21,"stat.mineBlock.minecraft.lapis_ore":3,"stat.pickup.primitivemobs.goblin_mace":1,"stat.craftItem.futuremc.campfire":1,"stat.craftItem.minecraft.stone_axe":1,"stat.pickup.mysticalworld.silkworm_egg":3,"stat.damageTaken":1517,"stat.useItem.minecraft.golden_pickaxe":226,"stat.mineBlock.minecraft.red_flower":5,"stat.pickup.bewitchment.ravens_feather":1,"stat.mineBlock.minecraft.torch":4,"stat.craftItem.cookingforblockheads.recipe_book":3,"stat.useItem.minecraft.furnace":1,"stat.useItem.minecraft.reeds":2,"stat.pickup.minecraft.cobblestone":200,"stat.mineBlock.biomesoplenty.plant_0":3,"stat.pickup.treasure2.blackstone":5,"stat.pickup.minecraft.dye":21,"stat.pickup.mysticalagriculture.crafting":5,"stat.pickup.minecraft.planks":6,"stat.mineBlock.minecraft.clay":34,"stat.pickup.arcaneworld.levitator":2,"stat.pickup.minecraft.reeds":3,"stat.flyOneCm":10833,"stat.mineBlock.tconstruct.stone_torch":1,"stat.pickup.minecraft.glass_bottle":6,"stat.craftItem.minecraft.iron_shovel":1,"stat.useItem.tombstone.grave_key":2,"stat.pickup.minecraft.wheat_seeds":5,"stat.mineBlock.stupidthings.mine_turtle":1,"stat.mineBlock.minecraft.sand":31,"stat.useItem.rats.cheese":2,"stat.pickup.quark.marble":1,"stat.craftItem.minecraft.wooden_slab":6,"stat.craftItem.minecraft.stained_glass":16,"stat.pickup.minecraft.golden_pickaxe":1,"stat.damageDealt":1757,"stat.craftItem.minecraft.glass":10,"stat.mineBlock.minecraft.iron_ore":19,"stat.sleepInBed":5,"stat.timeSinceDeath":54613,"stat.mineBlock.minecraft.dirt":116,"stat.pickup.mod_lavacow.intestine":1,"stat.useItem.minecraft.iron_pickaxe":131,"stat.killEntity.primitivemobs.baby_spider":1,"stat.craftItem.minecraft.iron_sword":1,"stat.craftItem.minecraft.iron_door":6,"stat.useItem.minecraft.iron_shovel":154,"stat.useItem.cookingforblockheads.fridge":2,"stat.walkOneCm":714418,"stat.mineBlock.biomesoplenty.leaves_3":16,"stat.useItem.minecraft.torch":35,"stat.craftItem.minecraft.hardened_clay":31,"stat.killEntity.primitivemobs.bewitched_tome":1,"stat.mineBlock.actuallyadditions.block_black_lotus":1,"stat.pickup.minecraft.crafting_table":2,"stat.pickup.minecraft.clay_ball":128,"stat.mineBlock.thermalfoundation.ore":21,"stat.useItem.minecraft.cobblestone":106,"stat.useItem.minecraft.tnt":4,"stat.craftItem.minecraft.crafting_table":5,"stat.furnaceInteraction":37,"stat.mineBlock.minecraft.double_plant":1,"stat.mineBlock.arcaneworld.levitator":1,"stat.mineBlock.minecraft.coal_ore":104,"stat.craftItem.minecraft.boat":1,"stat.craftItem.cookingforblockheads.sink":2,"stat.craftItem.thermalfoundation.material":20,"stat.pickup.minecraft.log":13,"stat.craftItem.futuremc.lantern":1,"stat.mineBlock.charm.crate":1,"stat.pickup.quark.root_flower":2,"stat.useItem.harvestcraft.fairybreaditem":1,"stat.pickup.minecraft.tnt":5,"stat.pickup.tombstone.crafting_ingredient":1,"stat.useItem.quark.marble":38,"stat.craftItem.minecraft.stone_slab2":0,"stat.pickup.minecraft.stone":41,"stat.craftItem.tconstruct.stone_stick":4,"stat.pickup.minecraft.leather_helmet":1,"stat.pickup.minecraft.sapling":3,"stat.craftItem.tconstruct.tooltables":2,"stat.sprintOneCm":43187,"stat.pickup.minecraft.paper":1,"stat.pickup.biomesoplenty.flower_0":3,"stat.useItem.tconstruct.stone_torch":4,"stat.pickup.minecraft.apple":1,"stat.craftItem.minecraft.stick":4,"stat.craftItem.cookingforblockheads.fridge":6,"stat.pickup.rats.fish_barrel":1,"stat.useItem.nuclearcraft.dominos":1,"stat.pickup.mod_lavacow.sharptooth":1,"stat.craftItem.minecraft.bucket":2,"stat.craftItem.minecraft.planks":108,"stat.useItem.minecraft.iron_sword":73,"stat.craftItem.minecraft.stone":3,"stat.useItem.biomesoplenty.planks_0":3,"stat.mineBlock.minecraft.crafting_table":2,"stat.killEntity.Spider":2,"stat.craftItem.tconstruct.stone_torch":8,"stat.craftItem.cookingforblockheads.oven":2,"stat.pickup.minecraft.pumpkin_seeds":3,"stat.useItem.thermalinnovation.drill":2,"stat.mobKills":10,"stat.pickup.stupidthings.mine_turtle":1,"stat.pickup.minecraft.emerald":1,"stat.mineBlock.minecraft.log":13,"stat.craftItem.culinaryconstruct.sandwich_station":1,"stat.entityKilledBy.Creeper":1,"stat.mineBlock.quark.marble":1,"stat.useItem.minecraft.boat":1,"stat.deaths":4,"stat.mineBlock.minecraft.planks":1,"stat.drop":4,"stat.mineBlock.minecraft.leaves":85,"stat.playOneMinute":196324,"stat.craftItem.actuallyadditions.item_crafter_on_a_stick":1,"stat.craftItem.charm.crate":1,"stat.craftItem.actuallyadditions.item_misc":2,"stat.drop.nuclearcraft.dominos":2,"stat.pickup.minecraft.torch":38,"stat.pickup.minecraft.red_flower":3,"stat.mineBlock.treasure2.blackstone":5,"stat.useItem.minecraft.ladder":17,"stat.pickup.tconstruct.stone_torch":1,"stat.mineBlock.mysticalagriculture.prosperity_ore":2,"stat.sneakTime":4276,"stat.pickup.minecraft.slime_ball":6,"stat.craftItem.minecraft.iron_pickaxe":1,"stat.pickup.astralsorcery.blockmarble":1,"stat.craftItem.thaumcraft.plank_greatwood":156,"stat.craftItem.minecraft.clay":31,"stat.mineBlock.minecraft.stone":275,"stat.mineBlock.minecraft.tallgrass":4,"stat.diveOneCm":6744,"stat.pickup.charm.crate":1,"stat.pickup.ftbquests.book":1}