{	"version" : "2.0",
	"category": "armor",
	"rarity": "common",
	"pools": [
		{
			"name": "treasure",
			"rolls": 2,
			"entries": [
                {
                    "type": "loot_table",
                    "name": "treasure2:pools/treasure/common",
                    "weight": 30
                }
			]
		},
		{
			"name": "items",
			"rolls": {
				"min": 0,
				"max": 5
			},
			"entries": [
                {
                    "type": "loot_table",
                    "name": "treasure2:pools/items/common",
                    "weight": 1
                }
			]
		},
		{
			"name": "armor",
			"rolls": {
				"min": 2,
				"max": 4
			},
			"entries": [
                {
                    "type": "loot_table",
                    "name": "treasure2:pools/armor/common",
                    "weight": 1
                }
			]
		},
		{
			"name": "tools",
			"rolls": {
				"min": 1,
				"max": 2
			},
			"entries": [
                {
                    "type": "loot_table",
                    "name": "treasure2:pools/tools/common",
                    "weight": 1
                }
			]
		},
		{
			"name": "simple_dungeon",
			"rolls": 1,
			"entries": [
				{
					"type": "loot_table",
					"name": "minecraft:chests/simple_dungeon",
					"weight": 1
				}
			]
		}
	]
}
