{"stat.chestOpened":9,"stat.drop.ftbquests.book":1,"stat.walkOneCm":125669,"stat.mineBlock.biomesoplenty.leaves_3":47,"stat.pickup.minecraft.bone":2,"stat.useItem.minecraft.torch":7,"stat.pickup.minecraft.arrow":2,"stat.mineBlock.ebwizardry.crystal_flower":1,"stat.pickup.biomesoplenty.sapling_1":2,"stat.craftItem.minecraft.crafting_table":1,"stat.mineBlock.minecraft.yellow_flower":1,"stat.drop.minecraft.dirt":1,"stat.pickup.futuremc.barrel":1,"stat.pickup.minecraft.leather_chestplate":2,"stat.mineBlock.minecraft.coal_ore":22,"stat.killEntity.vampirism.vampire":1,"stat.pickup.minecraft.gold_nugget":2,"stat.pickup.minecraft.wooden_sword":1,"stat.pickup.actuallyadditions.item_solidified_experience":2,"stat.pickup.minecraft.log":14,"stat.pickup.futuremc.lantern":2,"stat.jump":289,"stat.pickup.minecraft.coal":22,"stat.climbOneCm":601,"stat.fallOneCm":4862,"stat.mineBlock.minecraft.spruce_stairs":2,"stat.useItem.vampirism.vampire_book":1,"stat.pickup.minecraft.stone":1,"stat.pickup.rats.cheese":10,"stat.crouchOneCm":340,"stat.craftItem.minecraft.torch":20,"stat.pickup.minecraft.sapling":6,"stat.useItem.harvestcraft.jaffaitem":1,"stat.pickup.minecraft.dirt":15,"stat.useItem.minecraft.dirt":2,"stat.sprintOneCm":78134,"stat.useItem.minecraft.stone_slab2":4,"stat.killEntity.furantur":1,"stat.pickup.rats.rat_burger":12,"stat.craftItem.minecraft.stick":16,"stat.craftingTableInteraction":4,"stat.killEntity.primitivemobs.skeleton_warrior":1,"stat.pickup.minecraft.iron_ore":10,"stat.mineBlock.futuremc.barrel":1,"stat.craftItem.minecraft.planks":56,"stat.entityKilledBy.primitivemobs.skeleton_warrior":1,"stat.pickup.mysticalworld.silkworm_egg":6,"stat.damageTaken":440,"stat.pickup.minecraft.pumpkin_seeds":1,"stat.craftItem.minecraft.stone_pickaxe":1,"stat.useItem.minecraft.wooden_pickaxe":50,"stat.pickup.dungeontactics.studded_boots":3,"stat.mobKills":3,"stat.pickup.minecraft.cobblestone":27,"stat.pickup.minecraft.leather_leggings":3,"stat.pickup.ebwizardry.crystal_flower":1,"stat.mineBlock.minecraft.log":15,"stat.useItem.harvestcraft.bolognasandwichitem":1,"stat.pickup.harvestcraft.kungpaochickenitem":8,"stat.pickup.minecraft.dye":8,"stat.pickup.minecraft.planks":4,"stat.pickup.biomesoplenty.plant_1":2,"stat.flyOneCm":17614,"stat.pickup.minecraft.bed":1,"stat.mineBlock.minecraft.planks":4,"stat.pickup.minecraft.glass_bottle":3,"stat.deaths":1,"stat.drop":3,"stat.pickup.minecraft.wheat_seeds":4,"stat.mineBlock.minecraft.leaves":131,"stat.pickup.minecraft.egg":1,"stat.drop.biomesoplenty.plant_1":1,"stat.pickup.minecraft.beetroot_seeds":1,"stat.useItem.minecraft.writable_book":1,"stat.playOneMinute":41748,"stat.pickup.minecraft.spruce_stairs":2,"stat.useItem.minecraft.stone_pickaxe":10,"stat.sneakTime":70,"stat.pickup.minecraft.slime_ball":8,"stat.damageDealt":10,"stat.mineBlock.minecraft.iron_ore":10,"stat.sleepInBed":2,"stat.timeSinceDeath":18956,"stat.pickup.iceandfire.chared_dirt":1,"stat.pickup.minecraft.yellow_flower":1,"stat.mineBlock.minecraft.dirt":15,"stat.pickup.mod_lavacow.intestine":9,"stat.craftItem.minecraft.wooden_pickaxe":1,"stat.mineBlock.minecraft.stone":27,"stat.mineBlock.iceandfire.chared_dirt":1,"stat.mineBlock.minecraft.tallgrass":3,"stat.pickup.bewitchment.oak_apple_gall":2,"stat.pickup.ftbquests.book":1}