{"stat.chestOpened":13,"stat.walkOneCm":170785,"stat.mineBlock.biomesoplenty.leaves_3":1,"stat.craftItem.minecraft.sign":3,"stat.useItem.minecraft.stone":39,"stat.entityKilledBy.furantur":1,"stat.pickup.minecraft.crafting_table":1,"stat.pickup.minecraft.clay_ball":1,"stat.useItem.minecraft.cobblestone":50,"stat.craftItem.minecraft.crafting_table":1,"stat.craftItem.akashictome.tome":1,"stat.mineBlock.minecraft.double_plant":1,"stat.pickup.minecraft.leather_chestplate":3,"stat.pickup.minecraft.log":8,"stat.swimOneCm":1230,"stat.jump":225,"stat.climbOneCm":1094,"stat.fallOneCm":2307,"stat.pickup.minecraft.stone":41,"stat.pickup.rats.cheese":1,"stat.crouchOneCm":2443,"stat.craftItem.minecraft.chest":1,"stat.useItem.harvestcraft.jaffaitem":1,"stat.pickup.minecraft.sapling":2,"stat.pickup.minecraft.dirt":31,"stat.useItem.minecraft.dirt":8,"stat.sprintOneCm":35080,"stat.pickup.minecraft.paper":1,"stat.useItem.minecraft.stone_slab2":9,"stat.killEntity.furantur":1,"stat.pickup.rats.rat_nugget_ore":3,"stat.craftItem.minecraft.stick":4,"stat.craftingTableInteraction":2,"stat.pickup.rats.fish_barrel":1,"stat.pickup.mod_lavacow.sharptooth":1,"stat.craftItem.minecraft.planks":20,"stat.damageTaken":786,"stat.mineBlock.minecraft.crafting_table":1,"stat.useItem.minecraft.golden_pickaxe":95,"stat.pickup.bewitchment.ravens_feather":1,"stat.mineBlock.minecraft.red_flower":5,"stat.pickup.minecraft.pumpkin_seeds":3,"stat.mobKills":1,"stat.pickup.minecraft.cobblestone":51,"stat.mineBlock.biomesoplenty.plant_0":2,"stat.mineBlock.minecraft.log":7,"stat.pickup.minecraft.dye":2,"stat.pickup.minecraft.planks":5,"stat.flyOneCm":6844,"stat.deaths":2,"stat.pickup.minecraft.glass_bottle":6,"stat.useItem.tombstone.grave_key":1,"stat.pickup.minecraft.wheat_seeds":5,"stat.mineBlock.minecraft.leaves":43,"stat.useItem.rats.cheese":2,"stat.playOneMinute":52324,"stat.craftItem.actuallyadditions.item_crafter_on_a_stick":1,"stat.pickup.minecraft.torch":1,"stat.pickup.minecraft.red_flower":3,"stat.sneakTime":970,"stat.pickup.minecraft.slime_ball":6,"stat.pickup.minecraft.golden_pickaxe":1,"stat.damageDealt":218,"stat.pickup.astralsorcery.blockmarble":1,"stat.sleepInBed":1,"stat.timeSinceDeath":3213,"stat.mineBlock.minecraft.dirt":23,"stat.pickup.mod_lavacow.intestine":1,"stat.mineBlock.minecraft.stone":92,"stat.mineBlock.minecraft.tallgrass":3,"stat.diveOneCm":713}