{"stat.chestOpened":24,"stat.pickup.minecraft.bone":2,"stat.pickup.dungeontactics.bag_magic":1,"stat.craftItem.minecraft.sign":3,"stat.craftItem.minecraft.ladder":21,"stat.pickup.minecraft.sign":3,"stat.useItem.minecraft.stone":17,"stat.pickup.minecraft.arrow":1,"stat.mineBlock.minecraft.yellow_flower":1,"stat.pickup.bewitchment.elderberries":2,"stat.swimOneCm":221,"stat.jump":278,"stat.useItem.bewitchment.elderberries":1,"stat.climbOneCm":7543,"stat.useItem.minecraft.planks":2,"stat.fallOneCm":4499,"stat.pickup.minecraft.enchanted_book":2,"stat.mineBlock.minecraft.spruce_stairs":2,"stat.useItem.minecraft.stone_axe":49,"stat.crouchOneCm":1191,"stat.mineBlock.minecraft.chest":4,"stat.craftItem.bewitchment.elder_door":3,"stat.craftItem.minecraft.chest":16,"stat.pickup.minecraft.dirt":35,"stat.useItem.minecraft.dirt":13,"stat.useItem.minecraft.stone_slab2":27,"stat.pickup.minecraft.melon":1,"stat.craftingTableInteraction":11,"stat.craftItem.minecraft.stone_axe":1,"stat.pickup.mysticalworld.silkworm_egg":29,"stat.damageTaken":592,"stat.pickup.iceandfire.chared_cobblestone":4,"stat.pickup.minecraft.name_tag":1,"stat.craftItem.minecraft.trapdoor":2,"stat.craftItem.minecraft.stone_pickaxe":1,"stat.mineBlock.minecraft.red_flower":1,"stat.mineBlock.minecraft.torch":5,"stat.useItem.minecraft.wooden_pickaxe":8,"stat.mineBlock.iceandfire.chared_cobblestone":3,"stat.pickup.minecraft.cobblestone":43,"stat.craftItem.minecraft.wooden_sword":1,"stat.mineBlock.biomesoplenty.plant_0":2,"stat.pickup.minecraft.dye":8,"stat.pickup.enderio.item_broken_spawner":1,"stat.craftItem.minecraft.stone_sword":1,"stat.flyOneCm":18076,"stat.pickup.minecraft.bed":1,"stat.pickup.minecraft.wheat_seeds":4,"stat.pickup.iceandfire.ash":1,"stat.useItem.minecraft.stone_pickaxe":74,"stat.useItem.mysticalworld.silkworm_egg":1,"stat.useItem.minecraft.stone_sword":62,"stat.pickup.treasure2.gravestone3_obsidian":2,"stat.killEntity.Villager":1,"stat.pickup.quark.tallow":1,"stat.damageDealt":2672,"stat.killEntity.bound_soul":3,"stat.mineBlock.bewitchment.elder_leaves":50,"stat.pickup.bewitchment.elder_door":1,"stat.sleepInBed":1,"stat.timeSinceDeath":30310,"stat.useItem.iceandfire.myrmex_desert_resin_glass":21,"stat.mineBlock.minecraft.dirt":15,"stat.craftItem.minecraft.wooden_pickaxe":1,"stat.pickup.bewitchment.elder_wood":4,"stat.mineBlock.iceandfire.chared_dirt":4,"stat.pickup.treasure2.gravestone2_cobblestone":1,"stat.killEntity.midnight.rifter":1,"stat.pickup.bewitchment.oak_apple_gall":16,"stat.craftItem.ebwizardry.magic_crystal":2,"stat.walkOneCm":138023,"stat.mineBlock.biomesoplenty.leaves_3":248,"stat.pickup.immersiveengineering.seed":1,"stat.mineBlock.treasure2.gravestone2_spawner_cobblestone":1,"stat.useItem.minecraft.chest":15,"stat.playerKills":1,"stat.pickup.dungeontactics.ration_standard":1,"stat.pickup.minecraft.stick":1,"stat.pickup.minecraft.crafting_table":1,"stat.useItem.minecraft.cobblestone":6,"stat.craftItem.minecraft.crafting_table":2,"stat.pickup.biomesoplenty.sapling_1":18,"stat.pickup.minecraft.trapdoor":1,"stat.pickup.treasure2.gravestone1_stone":1,"stat.talkedToVillager":1,"stat.pickup.minecraft.wooden_sword":1,"stat.useItem.harvestcraft.kungpaochickenitem":1,"stat.pickup.actuallyadditions.item_solidified_experience":2,"stat.pickup.minecraft.log":92,"stat.pickup.minecraft.string":25,"stat.useItem.minecraft.melon":1,"stat.pickup.dungeontactics.flower_ailment":3,"stat.mineBlock.minecraft.ladder":3,"stat.useItem.harvestcraft.fairybreaditem":1,"stat.mineBlock.treasure2.gravestone1_spawner_stone":1,"stat.pickup.minecraft.stone":18,"stat.useItem.bewitchment.elder_door":2,"stat.craftItem.bewitchment.elder_planks":16,"stat.pickup.minecraft.sapling":30,"stat.useItem.minecraft.trapdoor":2,"stat.sprintOneCm":39141,"stat.pickup.actuallyadditions.item_misc":1,"stat.pickup.minecraft.apple":6,"stat.pickup.minecraft.ladder":3,"stat.craftItem.minecraft.stick":64,"stat.mineBlock.iceandfire.ash":1,"stat.mineBlock.dungeontactics.flower_ailment":3,"stat.craftItem.minecraft.planks":216,"stat.mineBlock.minecraft.crafting_table":1,"stat.mineBlock.astralsorcery.blockmarble":7,"stat.useItem.iceandfire.chared_dirt":2,"stat.mobKills":8,"stat.mineBlock.minecraft.log":97,"stat.entityKilledBy.Creeper":1,"stat.deaths":1,"stat.mineBlock.minecraft.leaves":839,"stat.playOneMinute":43573,"stat.craftItem.actuallyadditions.item_crafter_on_a_stick":1,"stat.useItem.minecraft.wooden_sword":25,"stat.killEntity.BabySkeleton":1,"stat.pickup.minecraft.torch":4,"stat.pickup.minecraft.spruce_stairs":2,"stat.pickup.minecraft.red_flower":2,"stat.useItem.iceandfire.chared_cobblestone":2,"stat.pickup.thaumcraft.brain":1,"stat.useItem.minecraft.ladder":4,"stat.sneakTime":1032,"stat.pickup.minecraft.slime_ball":8,"stat.mineBlock.treasure2.gravestone3_spawner_obsidian":2,"stat.pickup.astralsorcery.blockmarble":6,"stat.killEntity.primitivemobs.haunted_tool":1,"stat.pickup.iceandfire.chared_dirt":4,"stat.pickup.dungeontactics.magic_powder":14,"stat.pickup.roots.terra_spores":1,"stat.mineBlock.minecraft.stone":62,"stat.mineBlock.minecraft.tallgrass":5,"stat.pickup.dungeontactics.bag_food":1,"stat.mineBlock.bewitchment.elder_wood":4,"stat.pickup.minecraft.chest":4}