{
	"version" : "2.0",
	"category": "general",
	"rarity": "common",
	"pools": [
		{
			"name": "treasure",
			"rolls": 2,
			"bonus_rolls": 1.0,
			"entries": [
				{
					"type": "loot_table",
					"name": "treasure2:pools/treasure/common",
					"weight": 30
				}
			]
		},
		{
			"name": "items",
			"rolls": {
				"min": 1,
				"max": 5
			},
			"entries": [
				{
					"type": "loot_table",
					"name": "treasure2:pools/items/common",
					"weight": 1
				}
			]
		},
		{
			"name": "armor",
			"rolls": {
				"min": 1,
				"max": 2
			},
			"entries": [
				{
					"type": "loot_table",
					"name": "treasure2:pools/armor/common",
					"weight": 1
				}
			]
		},
		{
			"name": "food",
			"rolls": {
				"min": 1,
				"max": 3
			},
			"entries": [
				{
					"type": "loot_table",
					"name": "treasure2:pools/food/common",
					"weight": 1
				}
			]
		},
		{
			"name": "tools",
			"rolls": {
				"min": 1,
				"max": 2
			},
			"entries": [
				{
					"type": "loot_table",
					"name": "treasure2:pools/tools/common",
					"weight": 1
				}
			]
		},
		{
			"name": "potions",
			"rolls": {
				"min": 0,
				"max": 1
			},
			"entries": [
				{
					"type": "loot_table",
					"name": "treasure2:pools/potions/common",
					"weight": 1
				}
			]
		},
		{
			"name": "simple_dungeon",
			"rolls": 1,
			"entries": [
				{
					"type": "loot_table",
					"name": "minecraft:chests/simple_dungeon",
					"weight": 1
				}
			]
		}
	]
}
