<?xml version="1.0" encoding="UTF-8" standalone="no"?>
<galaxy>
    <star blackHole="false" name="§dPrimordial Planes" numGasGiants="0" numPlanets="0" size="1.0" temp="100" x="0" y="0">
        <planet DIMID="0" customIcon="EarthLike" dimMapping="" name="§a§lEarth">
            <isKnown>true</isKnown>
            <fogColor>1.0,1.0,1.0</fogColor>
            <skyColor>1.0,1.0,1.0</skyColor>
            <gravitationalMultiplier>100</gravitationalMultiplier>
            <orbitalDistance>100</orbitalDistance>
            <orbitalTheta>0</orbitalTheta>
            <orbitalPhi>0</orbitalPhi>
            <avgTemperature>287</avgTemperature>
            <rotationalPeriod>24000</rotationalPeriod>
            <atmosphereDensity>100</atmosphereDensity>
            <generateCraters>false</generateCraters>
            <generateVolcanos>false</generateVolcanos>
            <generateStructures>false</generateStructures>
            <generateGeodes>false</generateGeodes>
            <planet DIMID="1000" customIcon="moon" name="§6§lThe Moon">
                <isKnown>true</isKnown>
                <fogColor>100.0,65.1,0.0</fogColor>
                <skyColor>0.0,0.0,0.0</skyColor>
                <gravitationalMultiplier>8</gravitationalMultiplier>
                <orbitalDistance>120</orbitalDistance>
                <orbitalTheta>0</orbitalTheta>
                <orbitalPhi>0</orbitalPhi>
                <avgTemperature>233</avgTemperature>
                <rotationalPeriod>29000</rotationalPeriod>
                <atmosphereDensity>5</atmosphereDensity>
                <generateCraters>false</generateCraters>
                <generateVolcanos>false</generateVolcanos>
                <generateStructures>false</generateStructures>
                <generateGeodes>false</generateGeodes>
                <biomeIds>advancedrocketry:moon,advancedrocketry:moondark</biomeIds>
                <fillerBlock>rats:marbled_cheese_raw</fillerBlock>
            </planet>
        </planet>
        <planet DIMID="66" name="§c§lErebus">
            <isKnown>true</isKnown>
            <fogColor>1.0,1.0,1.0</fogColor>
            <skyColor>0.0,0.0,0.0</skyColor>
            <gravitationalMultiplier>38</gravitationalMultiplier>
            <orbitalDistance>130</orbitalDistance>
            <orbitalTheta>0</orbitalTheta>
            <orbitalPhi>0</orbitalPhi>
            <avgTemperature>252</avgTemperature>
            <rotationalPeriod>1400000</rotationalPeriod>
            <atmosphereDensity>150</atmosphereDensity>
            <generateCraters>false</generateCraters>
            <generateVolcanos>false</generateVolcanos>
            <generateStructures>false</generateStructures>
            <generateGeodes>false</generateGeodes>
            <biomeIds>erebus:subterranean_savannah,midnight:obscured_plateau,midnight:crystal_spires,biomesoplenty:cherry_blossom_grove,appliedenergistics2:storage_biome</biomeIds>
        </planet>
        <planet DIMID="1048" name="§8§lAtum">
            <isKnown>true</isKnown>
            <fogColor>0.9,0.9,0.9</fogColor>
            <skyColor>0.0,0.0,0.0</skyColor>
            <gravitationalMultiplier>100</gravitationalMultiplier>
            <orbitalDistance>200</orbitalDistance>
            <orbitalTheta>0</orbitalTheta>
            <orbitalPhi>0</orbitalPhi>
            <avgTemperature>203</avgTemperature>
            <rotationalPeriod>2784000</rotationalPeriod>
            <atmosphereDensity>195</atmosphereDensity>
            <generateCraters>false</generateCraters>
            <generateVolcanos>false</generateVolcanos>
            <generateStructures>false</generateStructures>
            <generateGeodes>false</generateGeodes>
            <biomeIds>minecraft:mutated_mesa_rock,thebetweenlands:raised_isles,biomesoplenty:xeric_shrubland,dimdoors:limbo,ancientspellcraft:pocket</biomeIds>
        </planet>
        <planet DIMID="424" name="§b§lAurorian">
            <isKnown>true</isKnown>
            <fogColor>1.0,1.0,1.0</fogColor>
            <skyColor>0.0,0.0,0.0</skyColor>
            <gravitationalMultiplier>38</gravitationalMultiplier>
            <orbitalDistance>130</orbitalDistance>
            <orbitalTheta>0</orbitalTheta>
            <orbitalPhi>0</orbitalPhi>
            <avgTemperature>252</avgTemperature>
            <rotationalPeriod>1400000</rotationalPeriod>
            <atmosphereDensity>150</atmosphereDensity>
            <generateCraters>false</generateCraters>
            <generateVolcanos>false</generateVolcanos>
            <generateStructures>false</generateStructures>
            <generateGeodes>false</generateGeodes>
            <biomeIds>biomesoplenty:ominous_woods,stygian:acidic_plains,twilightforest:firefly_forest,thebetweenlands:marsh_0,biomesoplenty:mystic_grove</biomeIds>
        </planet>
    </star>
</galaxy>
