{"stat.leaveGame":1,"stat.mineBlock.ebwizardry.crystal_flower":1,"stat.craftItem.minecraft.iron_axe":2,"stat.killEntity.vampirism.vampire":1,"stat.pickup.xreliquary.mob_ingredient":1,"stat.pickup.rats.rat_burger":12,"stat.killEntity.primitivemobs.skeleton_warrior":4,"stat.pickup.minecraft.rotten_flesh":6,"stat.pickup.ghostsexplosives.dust_potassium_nitrate":4,"stat.pickup.stupidthings.rubber_chicken":1,"stat.entityKilledBy.primitivemobs.skeleton_warrior":5,"stat.craftItem.structurize.sceptergold":1,"stat.mineBlock.fossil.iced_stone":2,"stat.pickup.quark.marble":4,"stat.useItem.minecraft.iron_pickaxe":297,"stat.pickup.mod_lavacow.intestine":10,"stat.craftItem.minecraft.wooden_pickaxe":1,"stat.pickup.ghostsexplosives.sulfur":6,"stat.pickup.thermalfoundation.material":1,"stat.furnaceInteraction":22,"stat.mineBlock.futuremc.cornflower":1,"stat.pickup.actuallyadditions.item_solidified_experience":4,"stat.craftItem.thermalfoundation.material":6,"stat.pickup.primitivemobs.spider_egg":1,"stat.pickup.ancientspellcraft.crystal_shard_sorcery":2,"stat.pickup.minecraft.leather_helmet":1,"stat.pickup.thaumcraft.crystal_essence":4,"stat.pickup.techreborn.gem":4,"stat.pickup.minecraft.pumpkin_seeds":1,"stat.pickup.dungeontactics.studded_boots":3,"stat.useItem.harvestcraft.bolognasandwichitem":1,"stat.useItem.minecraft.dye":2,"stat.deaths":10,"stat.pickup.minecraft.egg":2,"stat.playOneMinute":174280,"stat.craftItem.minecraft.iron_pickaxe":1,"stat.drop.minecraft.iron_ingot":3,"stat.mineBlock.minecraft.tallgrass":4,"stat.chestOpened":36,"stat.pickup.minecraft.arrow":6,"stat.pickup.minecraft.gold_nugget":2,"stat.mineBlock.botania.mushroom":1,"stat.killEntity.instrumentalmobs:XylophoneSkeleton":1,"stat.pickup.futuremc.lantern":2,"stat.pickup.cookingforblockheads.recipe_book":1,"stat.useItem.minecraft.experience_bottle":3,"stat.fallOneCm":20796,"stat.useItem.rats.rat_burger":10,"stat.crouchOneCm":5362,"stat.craftItem.minecraft.iron_ingot":34,"stat.killEntity.furantur":1,"stat.craftingTableInteraction":10,"stat.mineBlock.ghostsexplosives.ore_sulfur":5,"stat.mineBlock.biomesoplenty.plant_0":5,"stat.pickup.minecraft.dye":8,"stat.pickup.minecraft.planks":4,"stat.pickup.biomesoplenty.plant_1":2,"stat.pickup.rats.block_of_cheese":16,"stat.entityKilledBy.primitivemobs.flame_spewer":1,"stat.pickup.minecraft.wheat_seeds":4,"stat.mineBlock.biomesoplenty.gem_ore":2,"stat.useItem.minecraft.stone_pickaxe":24,"stat.craftItem.minecraft.iron_leggings":2,"stat.pickup.bewitchment.amethyst":7,"stat.mineBlock.minecraft.dirt":15,"stat.killEntity.primitivemobs.baby_spider":8,"stat.mineBlock.biomesoplenty.leaves_3":151,"stat.useItem.minecraft.torch":97,"stat.killEntity.primitivemobs.bewitched_tome":2,"stat.useItem.minecraft.cobblestone":52,"stat.craftItem.minecraft.crafting_table":1,"stat.pickup.futuremc.barrel":1,"stat.mineBlock.quark.stone_speleothem":6,"stat.mineBlock.ebwizardry.crystal_ore":9,"stat.pickup.minecraft.log":60,"stat.pickup.randomthings.peacecandle":1,"stat.pickup.minecraft.iron_pickaxe":1,"stat.pickup.minecraft.sapling":20,"stat.pickup.dungeontactics.bag_tool":1,"stat.pickup.minecraft.apple":3,"stat.craftItem.immersiveengineering.tool":2,"stat.craftItem.minecraft.planks":56,"stat.useItem.minecraft.iron_sword":98,"stat.pickup.minecraft.book":1,"stat.mineBlock.minecraft.log":61,"stat.pickup.doggytalents.training_treat":1,"stat.craftItem.minecraft.paper":12,"stat.mineBlock.treasure2.blackstone":3,"stat.sneakTime":1442,"stat.pickup.minecraft.yellow_flower":1,"stat.pickup.bewitchment.hellebore_seeds":1,"stat.drop.ftbquests.book":2,"stat.pickup.minecraft.bone":6,"stat.useItem.minecraft.iron_axe":29,"stat.mineBlock.minecraft.cobblestone":4,"stat.pickup.minecraft.stone_pickaxe":1,"stat.mineBlock.minecraft.yellow_flower":1,"stat.pickup.minecraft.leather_chestplate":2,"stat.mineBlock.actuallyadditions.block_misc":2,"stat.mineBlock.charm.crate_sealed":1,"stat.swimOneCm":8817,"stat.climbOneCm":29697,"stat.pickup.minecraft.enchanted_book":2,"stat.mineBlock.minecraft.spruce_stairs":2,"stat.drop.minecraft.cobblestone":1,"stat.pickup.rats.cheese":10,"stat.mineBlock.quark.roots":6,"stat.useItem.harvestcraft.jaffaitem":1,"stat.useItem.minecraft.dirt":2,"stat.pickup.wings.fairy_dust":3,"stat.useItem.minecraft.stone_slab2":12,"stat.killEntity.primitivemobs.mother_spider":2,"stat.pickup.practicallogistics2.sapphire":5,"stat.pickup.thermalfoundation.ore":12,"stat.mineBlock.futuremc.barrel":1,"stat.craftItem.minecraft.iron_boots":2,"stat.pickup.mysticalworld.silkworm_egg":26,"stat.mineBlock.fossil.permafrost":4,"stat.craftItem.minecraft.stone_pickaxe":1,"stat.pickup.minecraft.cobblestone":175,"stat.pickup.treasure2.blackstone":3,"stat.mineBlock.minecraft.clay":4,"stat.flyOneCm":53997,"stat.pickup.minecraft.glass_bottle":3,"stat.pickup.minecraft.redstone":14,"stat.mineBlock.minecraft.iron_ore":56,"stat.craftItem.minecraft.book":2,"stat.timeSinceDeath":48923,"stat.mineBlock.thermalfoundation.ore":12,"stat.drop.minecraft.dirt":1,"stat.pickup.ebwizardry.magic_crystal":17,"stat.mineBlock.minecraft.coal_ore":62,"stat.killEntity.Creeper":1,"stat.pickup.minecraft.wooden_sword":1,"stat.pickup.minecraft.string":14,"stat.pickup.tombstone.crafting_ingredient":1,"stat.craftItem.minecraft.stone_slab2":0,"stat.useItem.vampirism.vampire_book":1,"stat.sprintOneCm":231015,"stat.craftItem.minecraft.stick":116,"stat.craftItem.thermalexpansion.dynamo":2,"stat.mineBlock.minecraft.diamond_ore":13,"stat.pickup.stupidthings.mine_turtle":1,"stat.pickup.minecraft.leather_leggings":3,"stat.pickup.harvestcraft.kungpaochickenitem":8,"stat.mineBlock.quark.marble":4,"stat.mineBlock.minecraft.planks":4,"stat.drop":8,"stat.mineBlock.mysticalagriculture.prosperity_ore":5,"stat.pickup.minecraft.slime_ball":8,"stat.craftItem.minecraft.diamond_pickaxe":1,"stat.craftItem.minecraft.dye":3,"stat.pickup.iceandfire.chared_dirt":1,"stat.mineBlock.minecraft.gold_ore":11,"stat.diveOneCm":2841,"stat.pickup.minecraft.wheat":3,"stat.pickup.fossil.iced_meat":4,"stat.mineBlock.ghostsexplosives.ore_potassium":2,"stat.jump":1248,"stat.pickup.minecraft.coal":61,"stat.pickup.doggytalents.doggy_charm":1,"stat.craftItem.minecraft.lever":2,"stat.pickup.minecraft.gunpowder":7,"stat.pickup.minecraft.spider_eye":2,"stat.craftItem.minecraft.torch":184,"stat.craftItem.minecraft.iron_helmet":1,"stat.pickup.minecraft.dirt":15,"stat.mineBlock.wings.amethyst_ore":1,"stat.pickup.actuallyadditions.block_misc":2,"stat.pickup.minecraft.iron_ore":68,"stat.mineBlock.ancientspellcraft.crystal_ore_sorcery":2,"stat.craftItem.stupidthings.paper_bag_hat":2,"stat.pickup.minecraft.gold_ore":11,"stat.damageTaken":3594,"stat.mineBlock.minecraft.torch":3,"stat.useItem.minecraft.wooden_pickaxe":50,"stat.pickup.ebwizardry.crystal_flower":1,"stat.pickup.mysticalagriculture.crafting":14,"stat.pickup.minecraft.reeds":9,"stat.pickup.minecraft.bed":1,"stat.useItem.tombstone.grave_key":4,"stat.drop.biomesoplenty.plant_1":1,"stat.entityKilledBy.Zombie":1,"stat.damageDealt":3554,"stat.sleepInBed":3,"stat.mineBlock.iceandfire.chared_dirt":1,"stat.craftItem.minecraft.iron_sword":1,"stat.pickup.bewitchment.oak_apple_gall":9,"stat.walkOneCm":516459,"stat.pickup.minecraft.stick":25,"stat.pickup.minecraft.clay_ball":2,"stat.pickup.biomesoplenty.sapling_1":6,"stat.mineBlock.practicallogistics2.sapphireore":5,"stat.useItem.ancientwarfarenpc.iron_halberd":55,"stat.mineBlock.techreborn.ore":4,"stat.pickup.minecraft.stone":1,"stat.craftItem.minecraft.iron_chestplate":1,"stat.pickup.forestry.apatite":32,"stat.pickup.biomesoplenty.gem":2,"stat.pickup.bewitchment.salt":14,"stat.killEntity.Spider":1,"stat.mobKills":23,"stat.pickup.minecraft.diamond":13,"stat.mineBlock.minecraft.leaves":571,"stat.pickup.minecraft.beetroot_seeds":1,"stat.useItem.minecraft.writable_book":1,"stat.mineBlock.wings.fairy_dust_ore":3,"stat.pickup.minecraft.torch":2,"stat.pickup.minecraft.spruce_stairs":2,"stat.mineBlock.bewitchment.salt_ore":4,"stat.mineBlock.minecraft.redstone_ore":3,"stat.pickup.wings.amethyst":1,"stat.pickup.instrumentalmobs.drum":1,"stat.mineBlock.bewitchment.amethyst_ore":7,"stat.mineBlock.minecraft.stone":133,"stat.pickup.ftbquests.book":1}