{"stat.drop.ftbquests.book":1,"stat.pickup.dungeontactics.bag_magic":1,"stat.pickup.minecraft.wooden_slab":5,"stat.pickup.ancientwarfarenpc.iron_halberd":1,"stat.entityKilledBy.furantur":1,"stat.mineBlock.minecraft.cobblestone":12,"stat.craftItem.akashictome.tome":1,"stat.pickup.minecraft.leather_chestplate":3,"stat.useItem.randomthings.endermailbox":1,"stat.pickup.cookingforblockheads.spice_rack":5,"stat.useItem.thaumcraft.slab_greatwood":6,"stat.mineBlock.treasure2.ironbound_chest":1,"stat.craftItem.minecraft.iron_trapdoor":1,"stat.swimOneCm":9951,"stat.pickup.minecraft.enchanted_book":2,"stat.climbOneCm":32999,"stat.useItem.minecraft.planks":64,"stat.drop.harvestcraft.kungpaochickenitem":1,"stat.pickup.rats.cheese":6,"stat.useItem.harvestcraft.jaffaitem":1,"stat.useItem.minecraft.dirt":24,"stat.useItem.minecraft.stone_slab2":66,"stat.pickup.nuclearcraft.dominos":4,"stat.craftItem.cookingforblockheads.tool_rack":2,"stat.mineBlock.thaumcraft.log_greatwood":5,"stat.killEntity.primitivemobs.skeleton_warrior":2,"stat.killEntity.primitivemobs.mother_spider":1,"stat.pickup.minecraft.rotten_flesh":2,"stat.pickup.ghostsexplosives.dust_potassium_nitrate":27,"stat.pickup.minecraft.sand":29,"stat.craftItem.minecraft.furnace":3,"stat.mineBlock.cookingforblockheads.fruit_basket":1,"stat.pickup.thermalfoundation.ore":21,"stat.craftItem.futuremc.campfire":1,"stat.craftItem.minecraft.stone_axe":1,"stat.pickup.mysticalworld.silkworm_egg":3,"stat.useItem.minecraft.golden_pickaxe":229,"stat.pickup.minecraft.cobblestone":200,"stat.pickup.thaumcraft.slab_greatwood":6,"stat.pickup.treasure2.blackstone":5,"stat.mineBlock.minecraft.clay":57,"stat.pickup.arcaneworld.levitator":2,"stat.flyOneCm":14168,"stat.pickup.minecraft.glass_bottle":6,"stat.craftItem.minecraft.iron_shovel":1,"stat.mineBlock.minecraft.sand":31,"stat.useItem.rats.cheese":2,"stat.pickup.quark.marble":1,"stat.craftItem.minecraft.wooden_slab":6,"stat.craftItem.cookingforblockheads.counter":4,"stat.craftItem.minecraft.stained_glass":16,"stat.pickup.minecraft.golden_pickaxe":1,"stat.mineBlock.minecraft.iron_ore":19,"stat.timeSinceDeath":34844,"stat.pickup.dungeontactics.magic_scroll":1,"stat.useItem.minecraft.iron_pickaxe":146,"stat.pickup.mod_lavacow.intestine":1,"stat.useItem.minecraft.sign":2,"stat.craftItem.minecraft.iron_door":6,"stat.useItem.minecraft.iron_shovel":177,"stat.killEntity.midnight.rifter":1,"stat.craftItem.minecraft.iron_block":6,"stat.craftItem.minecraft.hardened_clay":31,"stat.craftItem.minecraft.glass_pane":32,"stat.mineBlock.cookingforblockheads.cabinet":2,"stat.mineBlock.thermalfoundation.ore":21,"stat.furnaceInteraction":42,"stat.mineBlock.cookingforblockheads.cow_jar":1,"stat.pickup.cookingforblockheads.fruit_basket":1,"stat.mineBlock.minecraft.coal_ore":104,"stat.pickup.harvestcraft.ironbrewitem":1,"stat.craftItem.cookingforblockheads.sink":2,"stat.craftItem.thermalfoundation.material":20,"stat.craftItem.futuremc.lantern":1,"stat.mineBlock.charm.crate":1,"stat.pickup.tombstone.crafting_ingredient":1,"stat.useItem.quark.marble":38,"stat.craftItem.minecraft.stone_slab2":0,"stat.craftItem.tconstruct.stone_stick":4,"stat.drop.minecraft.anvil":1,"stat.pickup.minecraft.leather_helmet":1,"stat.craftItem.tconstruct.tooltables":3,"stat.sprintOneCm":66508,"stat.pickup.minecraft.paper":1,"stat.pickup.biomesoplenty.flower_0":3,"stat.useItem.minecraft.stained_glass":1,"stat.mineBlock.minecraft.stone_slab":9,"stat.useItem.tconstruct.stone_torch":4,"stat.craftItem.minecraft.stick":4,"stat.mineBlock.cookingforblockheads.fridge":2,"stat.pickup.cookingforblockheads.fridge":2,"stat.craftItem.cookingforblockheads.fridge":6,"stat.mineBlock.cookingforblockheads.counter":2,"stat.useItem.minecraft.stone_slab":9,"stat.craftItem.minecraft.stone":14,"stat.mineBlock.minecraft.crafting_table":2,"stat.craftItem.cookingforblockheads.oven":2,"stat.pickup.minecraft.pumpkin_seeds":3,"stat.useItem.thermalinnovation.drill":2,"stat.craftItem.cookingforblockheads.toaster":2,"stat.pickup.stupidthings.mine_turtle":1,"stat.pickup.minecraft.emerald":1,"stat.craftItem.minecraft.wooden_pressure_plate":1,"stat.pickup.harvestcraft.kungpaochickenitem":10,"stat.pickup.cookingforblockheads.tool_rack":1,"stat.entityKilledBy.Creeper":1,"stat.mineBlock.cookingforblockheads.spice_rack":5,"stat.mineBlock.quark.marble":1,"stat.deaths":5,"stat.mineBlock.minecraft.planks":1,"stat.drop":9,"stat.playOneMinute":267424,"stat.craftItem.actuallyadditions.item_crafter_on_a_stick":1,"stat.craftItem.charm.crate":1,"stat.craftItem.actuallyadditions.item_misc":2,"stat.useItem.minecraft.ladder":17,"stat.pickup.tconstruct.stone_torch":1,"stat.mineBlock.mysticalagriculture.prosperity_ore":2,"stat.pickup.minecraft.slime_ball":6,"stat.craftItem.minecraft.iron_pickaxe":1,"stat.craftItem.cookingforblockheads.cabinet":4,"stat.craftItem.minecraft.clay":31,"stat.mineBlock.minecraft.tallgrass":5,"stat.diveOneCm":13266,"stat.pickup.charm.crate":1,"stat.pickup.minecraft.wheat":3,"stat.chestOpened":49,"stat.pickup.minecraft.pumpkin":6,"stat.craftItem.minecraft.sign":3,"stat.mineBlock.thaumcraft.slab_greatwood":6,"stat.useItem.minecraft.stone":39,"stat.craftItem.cookingforblockheads.cooking_table":2,"stat.pickup.minecraft.arrow":4,"stat.mineBlock.ghostsexplosives.ore_potassium":11,"stat.killEntity.primitivemobs.support_creeper":1,"stat.craftItem.biomesoplenty.planks_0":192,"stat.craftItem.minecraft.iron_nugget":18,"stat.jump":1476,"stat.pickup.futuremc.lantern":1,"stat.pickup.minecraft.coal":106,"stat.pickup.minecraft.iron_ingot":4,"stat.fallOneCm":10643,"stat.pickup.actuallyadditions.block_black_lotus":1,"stat.useItem.rats.rat_burger":1,"stat.useItem.minecraft.stone_axe":8,"stat.pickup.minecraft.gunpowder":2,"stat.crouchOneCm":11381,"stat.craftItem.minecraft.chest":15,"stat.killEntity.primitivemobs.goblin":2,"stat.craftItem.minecraft.iron_ingot":20,"stat.useItem.cookingforblockheads.counter":2,"stat.pickup.thaumcraft.plank_greatwood":4,"stat.pickup.minecraft.dirt":120,"stat.useItem.biomesoplenty.wood_slab_0":33,"stat.killEntity.furantur":1,"stat.pickup.rats.rat_nugget_ore":3,"stat.pickup.minecraft.iron_ore":19,"stat.craftingTableInteraction":17,"stat.craftItem.cookingforblockheads.spice_rack":2,"stat.useItem.minecraft.glass":1,"stat.boatOneCm":8624,"stat.pickup.cookingforblockheads.counter":2,"stat.mineBlock.minecraft.lapis_ore":3,"stat.pickup.minecraft.cookie":2,"stat.pickup.primitivemobs.goblin_mace":1,"stat.damageTaken":2030,"stat.mineBlock.minecraft.red_flower":5,"stat.pickup.bewitchment.ravens_feather":1,"stat.mineBlock.minecraft.torch":4,"stat.craftItem.cookingforblockheads.recipe_book":3,"stat.useItem.cookingforblockheads.spice_rack":1,"stat.useItem.minecraft.furnace":1,"stat.useItem.minecraft.reeds":2,"stat.mineBlock.biomesoplenty.plant_0":3,"stat.pickup.minecraft.dye":21,"stat.pickup.mysticalagriculture.crafting":5,"stat.pickup.minecraft.planks":6,"stat.pickup.minecraft.reeds":3,"stat.mineBlock.tconstruct.stone_torch":1,"stat.useItem.tombstone.grave_key":2,"stat.pickup.minecraft.wheat_seeds":5,"stat.mineBlock.stupidthings.mine_turtle":1,"stat.mineBlock.minecraft.glass":1,"stat.damageDealt":2337,"stat.craftItem.minecraft.glass":29,"stat.useItem.rats.potato_kinishes":1,"stat.sleepInBed":5,"stat.craftItem.minecraft.anvil":2,"stat.mineBlock.minecraft.dirt":116,"stat.killEntity.primitivemobs.baby_spider":1,"stat.craftItem.minecraft.iron_sword":1,"stat.useItem.cookingforblockheads.fridge":2,"stat.craftItem.minecraft.stone_slab":12,"stat.walkOneCm":1034646,"stat.mineBlock.biomesoplenty.leaves_3":16,"stat.useItem.minecraft.torch":35,"stat.killEntity.primitivemobs.bewitched_tome":1,"stat.pickup.roots.wildroot":1,"stat.craftItem.cookingforblockheads.fruit_basket":2,"stat.mineBlock.actuallyadditions.block_black_lotus":1,"stat.drop.minecraft.rotten_flesh":2,"stat.pickup.minecraft.crafting_table":2,"stat.pickup.minecraft.clay_ball":220,"stat.useItem.minecraft.cobblestone":106,"stat.useItem.minecraft.tnt":4,"stat.craftItem.minecraft.crafting_table":6,"stat.mineBlock.minecraft.double_plant":1,"stat.mineBlock.arcaneworld.levitator":1,"stat.craftItem.thaumcraft.slab_greatwood":12,"stat.useItem.cookingforblockheads.cabinet":2,"stat.craftItem.minecraft.boat":1,"stat.pickup.cookingforblockheads.cabinet":2,"stat.pickup.mysticalworld.aubergine":1,"stat.craftItem.cookingforblockheads.milk_jar":2,"stat.pickup.minecraft.log":13,"stat.pickup.quark.root_flower":2,"stat.useItem.harvestcraft.fairybreaditem":1,"stat.pickup.minecraft.tnt":5,"stat.craftItem.minecraft.stone_button":1,"stat.pickup.minecraft.stone":41,"stat.pickup.cookingforblockheads.cow_jar":2,"stat.pickup.minecraft.sapling":3,"stat.pickup.minecraft.apple":15,"stat.useItem.minecraft.glass_pane":10,"stat.mineBlock.futuremc.lantern":1,"stat.useItem.nuclearcraft.dominos":1,"stat.pickup.rats.fish_barrel":1,"stat.pickup.mod_lavacow.sharptooth":3,"stat.craftItem.minecraft.bucket":4,"stat.craftItem.minecraft.planks":108,"stat.useItem.minecraft.iron_sword":89,"stat.useItem.biomesoplenty.planks_0":4,"stat.killEntity.Spider":2,"stat.craftItem.tconstruct.stone_torch":8,"stat.pickup.minecraft.bread":1,"stat.useItem.thaumcraft.log_greatwood":12,"stat.mobKills":13,"stat.mineBlock.minecraft.log":13,"stat.craftItem.culinaryconstruct.sandwich_station":1,"stat.pickup.harvestcraft.orangeitem":2,"stat.useItem.minecraft.boat":1,"stat.mineBlock.minecraft.leaves":85,"stat.drop.nuclearcraft.dominos":2,"stat.pickup.minecraft.torch":38,"stat.pickup.minecraft.red_flower":3,"stat.mineBlock.treasure2.blackstone":5,"stat.sneakTime":4359,"stat.pickup.astralsorcery.blockmarble":1,"stat.drop.minecraft.arrow":2,"stat.craftItem.thaumcraft.plank_greatwood":208,"stat.pickup.minecraft.stone_slab":8,"stat.craftItem.biomesoplenty.wood_slab_0":120,"stat.mineBlock.minecraft.stone":275,"stat.useItem.futuremc.lantern":2,"stat.mineBlock.cookingforblockheads.tool_rack":1,"stat.pickup.thaumcraft.log_greatwood":4,"stat.pickup.ftbquests.book":1}