{"stat.mineBlock.quark.roots_white_flower":2,"stat.pickup.dungeontactics.bag_magic":1,"stat.pickup.arcaneworld.ritual_scroll":1,"stat.mineBlock.thaumcraft.ore_quartz":2,"stat.useItem.mod_lavacow.parasite_item":2,"stat.craftItem.minecraft.iron_axe":1,"stat.pickup.randomthings.lavawader":1,"stat.pickup.bewitchment.elderberries":2,"stat.mineBlock.biomesoplenty.terrarium":1,"stat.useItem.bewitchment.elderberries":1,"stat.useItem.minecraft.planks":2,"stat.useItem.harvestcraft.orangeitem":9,"stat.pickup.minecraft.glowstone_dust":16,"stat.mineBlock.immersiveengineering.ore":3,"stat.pickup.minecraft.porkchop":8,"stat.pickup.xreliquary.mob_ingredient":4,"stat.pickup.nuclearcraft.dominos":2,"stat.mineBlock.thaumcraft.log_greatwood":102,"stat.useItem.minecraft.water_bucket":9,"stat.drop.minecraft.iron_sword":1,"stat.killEntity.primitivemobs.skeleton_warrior":4,"stat.pickup.minecraft.rotten_flesh":1,"stat.pickup.ghostsexplosives.dust_potassium_nitrate":268,"stat.pickup.minecraft.sand":1,"stat.pickup.mod_lavacow.parasite_item":2,"stat.pickup.stupidthings.pet_rock":1,"stat.craftItem.minecraft.stone_axe":1,"stat.craftItem.actuallyadditions.block_misc":5,"stat.entityKilledBy.primitivemobs.skeleton_warrior":1,"stat.pickup.minecraft.name_tag":3,"stat.pickup.iceandfire.chared_cobblestone":4,"stat.pickup.enderio.item_broken_spawner":1,"stat.craftItem.minecraft.stone_sword":1,"stat.craftItem.minecraft.iron_shovel":1,"stat.mineBlock.minecraft.sand":1,"stat.pickup.iceandfire.ash":1,"stat.pickup.quark.marble":851,"stat.pickup.treasure2.gravestone3_obsidian":2,"stat.killEntity.Villager":1,"stat.pickup.quark.tallow":7,"stat.mineBlock.stupidthings.pet_rock":1,"stat.useItem.minecraft.iron_pickaxe":106,"stat.pickup.mod_lavacow.intestine":2,"stat.craftItem.minecraft.wooden_pickaxe":1,"stat.pickup.ghostsexplosives.sulfur":26,"stat.killEntity.midnight.rifter":3,"stat.useItem.minecraft.iron_shovel":89,"stat.useItem.actuallyadditions.block_giant_chest":3,"stat.pickup.actuallyadditions.item_worm":1,"stat.mineBlock.chisel.marble2":3,"stat.pickup.thermalfoundation.material":25,"stat.furnaceInteraction":65,"stat.pickup.harvestcraft.cherryitem":10,"stat.useItem.minecraft.pumpkin_seeds":3,"stat.mineBlock.forestry.logs.3":11,"stat.pickup.treasure2.gravestone1_stone":1,"stat.pickup.extrautils2.enderlilly":2,"stat.pickup.actuallyadditions.item_solidified_experience":2,"stat.useItem.roots.terra_spores":1,"stat.craftItem.thermalfoundation.material":25,"stat.useItem.mod_lavacow.undyingheart":1,"stat.craftItem.improvedbackpacks.tanned_leather":4,"stat.pickup.minecraft.beef":14,"stat.pickup.minecraft.furnace":4,"stat.useItem.minecraft.trapdoor":2,"stat.useItem.minecraft.fence":25,"stat.mineBlock.harvestcraft.pamorange":1,"stat.mineBlock.iceandfire.ash":1,"stat.useItem.mysticalworld.aubergine_seed":4,"stat.mineBlock.minecraft.fence":1,"stat.pickup.thaumcraft.crystal_essence":44,"stat.useItem.minecraft.wheat_seeds":18,"stat.craftItem.minecraft.fence_gate":1,"stat.useItem.immersiveengineering.seed":5,"stat.pickup.techreborn.gem":22,"stat.mineBlock.astralsorcery.blockmarble":68,"stat.useItem.iceandfire.chared_dirt":2,"stat.pickup.thaumcraft.nugget":2,"stat.pickup.harvestcraft.nutmegitem":6,"stat.pickup.minecraft.pumpkin_seeds":2,"stat.pickup.minecraft.emerald":1,"stat.mineBlock.actuallyadditions.block_giant_chest":1,"stat.deaths":3,"stat.pickup.minecraft.egg":4,"stat.playOneMinute":258673,"stat.pickup.mysticalworld.aubergine_seed":10,"stat.craftItem.minecraft.iron_pickaxe":1,"stat.mineBlock.treasure2.gravestone3_spawner_obsidian":2,"stat.mineBlock.actuallyadditions.block_wild":1,"stat.pickup.tconstruct.mattock":1,"stat.drop.minecraft.torch":1,"stat.pickup.chisel.marble2":3,"stat.mineBlock.minecraft.tallgrass":217,"stat.pickup.dungeontactics.bag_food":1,"stat.chestOpened":170,"stat.useItem.minecraft.splash_potion":1,"stat.pickup.minecraft.pumpkin":6,"stat.craftItem.minecraft.sign":3,"stat.useItem.minecraft.stone":17,"stat.pickup.minecraft.arrow":10,"stat.pickup.minecraft.iron_sword":2,"stat.killEntity.thesummoner.summoner":1,"stat.pickup.dungeontactics.bag_ore":1,"stat.pickup.minecraft.gold_nugget":2,"stat.pickup.thaumcraft.sapling_greatwood":4,"stat.craftItem.biomesoplenty.planks_0":88,"stat.pickup.futuremc.lantern":1,"stat.fallOneCm":75104,"stat.useItem.rats.rat_burger":3,"stat.pickup.cookingforblockheads.milk_jar":1,"stat.crouchOneCm":3141,"stat.mineBlock.minecraft.chest":22,"stat.craftItem.minecraft.iron_ingot":90,"stat.craftItem.minecraft.chest":20,"stat.useItem.quark.root_flower":11,"stat.pickup.minecraft.melon":1,"stat.pickup.rats.rat_nugget_ore":2,"stat.craftingTableInteraction":40,"stat.killEntity.primitivemobs.chameleon":1,"stat.killEntity.bewitchment.raven":1,"stat.pickup.minecraft.feather":5,"stat.mineBlock.thaumcraft.leaves_greatwood":415,"stat.mineBlock.ghostsexplosives.ore_sulfur":8,"stat.drop.minecraft.bone":1,"stat.useItem.minecraft.furnace":4,"stat.useItem.minecraft.reeds":4,"stat.craftItem.minecraft.wooden_sword":1,"stat.mineBlock.biomesoplenty.plant_1":4,"stat.mineBlock.biomesoplenty.plant_0":313,"stat.pickup.minecraft.dye":40,"stat.pickup.minecraft.planks":7,"stat.pickup.biomesoplenty.plant_1":4,"stat.pickup.minecraft.wheat_seeds":28,"stat.useItem.minecraft.stone_pickaxe":984,"stat.useItem.mysticalworld.silkworm_egg":4,"stat.useItem.minecraft.stone_sword":63,"stat.mineBlock.vampirism.castle_block":5,"stat.mineBlock.bewitchment.elder_leaves":50,"stat.pickup.bewitchment.amethyst":4,"stat.useItem.harvestcraft.cherryitem":6,"stat.useItem.biomesoplenty.berries":14,"stat.mineBlock.minecraft.dirt":192,"stat.killEntity.VindicationIllager":2,"stat.killEntity.primitivemobs.baby_spider":6,"stat.pickup.artifacts.tiny_shirt":1,"stat.mineBlock.quark.biome_cobblestone":4,"stat.mineBlock.biomesoplenty.leaves_3":1031,"stat.pickup.immersiveengineering.seed":8,"stat.mineBlock.treasure2.gravestone2_spawner_cobblestone":1,"stat.useItem.minecraft.torch":43,"stat.useItem.minecraft.bread":1,"stat.pickup.minecraft.golden_apple":1,"stat.mineBlock.mekanism.saltblock":4,"stat.pickup.roots.wildroot":2,"stat.pickup.minecraft.crafting_table":1,"stat.useItem.minecraft.cobblestone":15,"stat.craftItem.minecraft.crafting_table":2,"stat.mineBlock.arcaneworld.levitator":6,"stat.mineBlock.minecraft.double_plant":12,"stat.pickup.futuremc.barrel":1,"stat.mineBlock.ebwizardry.crystal_ore":4,"stat.useItem.harvestcraft.kungpaochickenitem":4,"stat.pickup.mysticalworld.aubergine":3,"stat.pickup.minecraft.log":198,"stat.pickup.randomthings.peacecandle":1,"stat.pickup.biomesoplenty.planks_0":4,"stat.useItem.harvestcraft.fairybreaditem":2,"stat.mineBlock.treasure2.gravestone1_spawner_stone":1,"stat.useItem.bewitchment.elder_door":2,"stat.pickup.minecraft.chicken":4,"stat.pickup.minecraft.sapling":75,"stat.pickup.forestry.fruits":83,"stat.pickup.twilightforest.steeleaf_helmet":1,"stat.pickup.minecraft.apple":26,"stat.mineBlock.futuremc.lantern":1,"stat.useItem.nuclearcraft.dominos":2,"stat.pickup.rats.fish_barrel":1,"stat.craftItem.minecraft.bucket":1,"stat.useItem.minecraft.iron_sword":225,"stat.craftItem.minecraft.planks":360,"stat.pickup.quark.root":3,"stat.pickup.biomesoplenty.berries":14,"stat.pickup.minecraft.stone_sword":1,"stat.pickup.minecraft.book":1,"stat.mineBlock.minecraft.log":204,"stat.pickup.doggytalents.training_treat":2,"stat.useItem.minecraft.stone_hoe":86,"stat.useItem.dungeontactics.ration_standard":1,"stat.craftItem.minecraft.paper":3,"stat.killEntity.BabySkeleton":1,"stat.pickup.minecraft.red_flower":9,"stat.pickup.thaumcraft.amber":12,"stat.sneakTime":2729,"stat.useItem.minecraft.wooden_axe":528,"stat.pickup.minecraft.stone_slab":1,"stat.pickup.minecraft.yellow_flower":3,"stat.pickup.bewitchment.hellebore_seeds":4,"stat.pickup.thaumcraft.log_greatwood":84,"stat.pickup.minecraft.chest":22,"stat.pickup.harvestcraft.gooseberryitem":2,"stat.mineBlock.thaumcraft.ore_cinnabar":3,"stat.drop.minecraft.stone_pickaxe":1,"stat.pickup.minecraft.bone":10,"stat.pickup.fossil.biofossil":1,"stat.pickup.forestry.sapling":3,"stat.pickup.actuallyadditions.item_leaf_blower":1,"stat.useItem.minecraft.iron_axe":250,"stat.mineBlock.minecraft.cobblestone":5,"stat.mineBlock.minecraft.pumpkin":6,"stat.useItem.tconstruct.mattock":149,"stat.pickup.minecraft.stone_pickaxe":2,"stat.mineBlock.minecraft.yellow_flower":3,"stat.useItem.harvestcraft.orange_sapling":2,"stat.pickup.minecraft.leather_chestplate":4,"stat.mineBlock.actuallyadditions.block_misc":1,"stat.pickup.harvestcraft.orange_sapling":1,"stat.mineBlock.appliedenergistics2.quartz_ore":5,"stat.mineBlock.charm.crate_sealed":1,"stat.swimOneCm":5593,"stat.pickup.minecraft.enchanted_book":3,"stat.climbOneCm":22534,"stat.mineBlock.thaumcraft.ore_amber":8,"stat.mineBlock.rats.fish_barrel":1,"stat.mineBlock.minecraft.spruce_stairs":2,"stat.pickup.rats.cheese":16,"stat.mineBlock.quark.roots":3,"stat.pickup.minecraft.writable_book":1,"stat.craftItem.bewitchment.elder_door":3,"stat.pickup.vampirism.blood_bottle":5,"stat.useItem.harvestcraft.jaffaitem":1,"stat.useItem.minecraft.dirt":136,"stat.pickup.wings.fairy_dust":52,"stat.useItem.minecraft.stone_slab2":111,"stat.pickup.actuallyadditions.block_giant_chest":1,"stat.killEntity.primitivemobs.mother_spider":1,"stat.mineBlock.cookingforblockheads.milk_jar":1,"stat.pickup.practicallogistics2.sapphire":8,"stat.killEntity.instrumentalmobs:DrumZombie":2,"stat.craftItem.minecraft.furnace":2,"stat.pickup.thermalfoundation.ore":32,"stat.killEntity.artifacts.mimic":2,"stat.drop.cookingforblockheads.cow_jar":1,"stat.pickup.mysticalworld.silkworm_egg":96,"stat.pickup.minecraft.anvil":2,"stat.useItem.minecraft.iron_ore":1,"stat.craftItem.minecraft.trapdoor":2,"stat.mineBlock.fossil.permafrost":1,"stat.pickup.minecraft.coal_ore":2,"stat.craftItem.minecraft.stone_pickaxe":11,"stat.pickup.minecraft.cobblestone":99,"stat.mineBlock.biomesoplenty.double_plant":1,"stat.pickup.quark.biome_cobblestone":3,"stat.craftItem.improvedbackpacks.bound_leather":8,"stat.pickup.arcaneworld.levitator":6,"stat.flyOneCm":104690,"stat.pickup.minecraft.glass_bottle":3,"stat.pickup.appliedenergistics2.material":12,"stat.pickup.bewitchment.aconitum_seeds":3,"stat.drop.minecraft.wheat_seeds":1,"stat.pickup.bewitchment.mandrake_seeds":6,"stat.pickup.bewitchment.elder_door":1,"stat.mineBlock.minecraft.iron_ore":59,"stat.timeSinceDeath":42188,"stat.useItem.iceandfire.myrmex_desert_resin_glass":21,"stat.pickup.vampirism.vampire_book":1,"stat.pickup.fossil.plant_fossil":3,"stat.craftItem.ebwizardry.magic_crystal":2,"stat.killEntity.Bat":1,"stat.useItem.quark.root":2,"stat.killEntity.mod_lavacow.parasite":4,"stat.pickup.dungeontactics.ration_standard":1,"stat.mineBlock.thermalfoundation.ore":27,"stat.killEntity.entity_silkworm":1,"stat.useItem.minecraft.cooked_porkchop":1,"stat.pickup.ebwizardry.magic_crystal":10,"stat.mineBlock.cookingforblockheads.cow_jar":1,"stat.pickup.minecraft.trapdoor":2,"stat.mineBlock.minecraft.coal_ore":215,"stat.killEntity.Creeper":1,"stat.craftItem.minecraft.stone_hoe":1,"stat.talkedToVillager":1,"stat.pickup.minecraft.wooden_sword":2,"stat.pickup.minecraft.string":40,"stat.mineBlock.minecraft.ladder":8,"stat.mineBlock.charm.crate":1,"stat.craftItem.minecraft.stone_slab2":0,"stat.useItem.vampirism.vampire_book":1,"stat.craftItem.bewitchment.elder_planks":16,"stat.useItem.minecraft.written_book":1,"stat.sprintOneCm":311248,"stat.pickup.actuallyadditions.item_misc":1,"stat.mineBlock.biomesoplenty.log_0":1250,"stat.craftItem.minecraft.stick":368,"stat.craftItem.minecraft.wooden_axe":10,"stat.drop.minecraft.potion":1,"stat.mineBlock.dungeontactics.flower_ailment":7,"stat.craftItem.minecraft.stone":9,"stat.mineBlock.minecraft.crafting_table":1,"stat.entityKilledBy.VindicationIllager":1,"stat.pickup.fossil.relic_scrap":3,"stat.pickup.forestry.logs.3":11,"stat.pickup.actuallyadditions.item_crate_keeper":2,"stat.pickup.harvestcraft.kungpaochickenitem":1,"stat.entityKilledBy.Creeper":1,"stat.mineBlock.quark.marble":441,"stat.pickup.minecraft.sugar":2,"stat.mineBlock.minecraft.planks":6,"stat.drop":8,"stat.mineBlock.thaumcraft.crystal_aqua":6,"stat.craftItem.actuallyadditions.item_crafter_on_a_stick":1,"stat.useItem.minecraft.wooden_sword":25,"stat.useItem.iceandfire.chared_cobblestone":2,"stat.useItem.minecraft.ladder":7,"stat.mineBlock.mysticalagriculture.prosperity_ore":5,"stat.pickup.minecraft.slime_ball":8,"stat.killEntity.Zombie":1,"stat.killEntity.primitivemobs.haunted_tool":1,"stat.mineBlock.forestry.leaves.default.1":60,"stat.pickup.iceandfire.chared_dirt":4,"stat.pickup.primitivemobs.camouflage_dye":1,"stat.pickup.dungeontactics.magic_powder":14,"stat.pickup.roots.terra_spores":3,"stat.diveOneCm":1471,"stat.mineBlock.bewitchment.elder_wood":4,"stat.pickup.charm.crate":1,"stat.pickup.minecraft.wheat":13,"stat.craftItem.minecraft.ladder":21,"stat.mineBlock.botania.doubleflower2":1,"stat.pickup.minecraft.sign":3,"stat.pickup.thaumcraft.curio":2,"stat.craftItem.minecraft.cooked_porkchop":1,"stat.useItem.forestry.fruits":7,"stat.useItem.harvestcraft.nutmegitem":1,"stat.useItem.minecraft.apple":4,"stat.mineBlock.quark.roots_black_flower":3,"stat.mineBlock.ghostsexplosives.ore_potassium":49,"stat.jump":1389,"stat.useItem.minecraft.sand":4,"stat.pickup.minecraft.fence":1,"stat.pickup.minecraft.coal":282,"stat.pickup.minecraft.iron_ingot":16,"stat.mineBlock.fossil.fossil":13,"stat.useItem.minecraft.stone_axe":138,"stat.pickup.minecraft.gunpowder":2,"stat.pickup.minecraft.spider_eye":5,"stat.craftItem.minecraft.torch":96,"stat.killEntity.primitivemobs.goblin":1,"stat.pickup.minecraft.dirt":213,"stat.pickup.vampirism.vampire_fang":9,"stat.pickup.actuallyadditions.block_misc":3,"stat.pickup.harvestcraft.chestnutitem":6,"stat.pickup.minecraft.iron_ore":58,"stat.useItem.biomesoplenty.log_0":9,"stat.boatOneCm":1913,"stat.mineBlock.minecraft.lapis_ore":6,"stat.pickup.actuallyadditions.item_flax_seed":1,"stat.pickup.minecraft.iron_axe":1,"stat.damageTaken":2427,"stat.pickup.minecraft.leather":5,"stat.mineBlock.forestry.leaves.default.fruit.0":92,"stat.mineBlock.minecraft.red_flower":6,"stat.mineBlock.minecraft.torch":8,"stat.pickup.bewitchment.ravens_feather":4,"stat.mineBlock.minecraft.furnace":4,"stat.useItem.minecraft.wooden_pickaxe":8,"stat.mineBlock.iceandfire.chared_cobblestone":3,"stat.pickup.harvestcraft.pawpawitem":15,"stat.pickup.ebwizardry.crystal_flower":1,"stat.pickup.mysticalagriculture.crafting":37,"stat.pickup.minecraft.reeds":14,"stat.pickup.minecraft.bed":3,"stat.pickup.bewitchment.wormwood_seeds":4,"stat.pickup.bewitchment.belladonna_seeds":3,"stat.damageDealt":11289,"stat.killEntity.bound_soul":3,"stat.mineBlock.harvestcraft.orange_sapling":1,"stat.sleepInBed":4,"stat.mineBlock.quark.roots_blue_flower":3,"stat.killEntity.Cow":6,"stat.mineBlock.randomthings.peacecandle":1,"stat.pickup.bewitchment.elder_wood":4,"stat.craftItem.futuremc.stonecutter":1,"stat.killEntity.Pig":3,"stat.mineBlock.iceandfire.chared_dirt":4,"stat.pickup.artifacts.shiny_red_balloon":1,"stat.pickup.treasure2.gravestone2_cobblestone":1,"stat.pickup.bewitchment.oak_apple_gall":28,"stat.pickup.minecraft.boat":1,"stat.walkOneCm":930470,"stat.animalsBred":8,"stat.playerKills":1,"stat.useItem.minecraft.chest":15,"stat.drop.minecraft.wheat":1,"stat.pickup.minecraft.stick":2,"stat.pickup.biomesoplenty.sapling_1":54,"stat.useItem.harvestcraft.pawpawitem":10,"stat.mineBlock.practicallogistics2.sapphireore":8,"stat.mineBlock.biomesoplenty.planks_0":4,"stat.pickup.biomesoplenty.terrarium":1,"stat.mineBlock.techreborn.ore":8,"stat.useItem.minecraft.melon":1,"stat.pickup.dungeontactics.flower_ailment":6,"stat.pickup.quark.root_flower":16,"stat.pickup.minecraft.tnt":1,"stat.pickup.minecraft.stone":18,"stat.pickup.cookingforblockheads.cow_jar":1,"stat.craftItem.improvedbackpacks.backpack":2,"stat.pickup.minecraft.ladder":8,"stat.pickup.minecraft.gold_ingot":3,"stat.useItem.harvestcraft.patreonpieitem":1,"stat.pickup.vampirism.castle_block":5,"stat.pickup.thaumcraft.ore_cinnabar":3,"stat.pickup.mod_lavacow.sharptooth":3,"stat.pickup.biomesoplenty.log_0":555,"stat.pickup.bewitchment.salt":30,"stat.killEntity.Chicken":4,"stat.killEntity.Spider":5,"stat.mobKills":65,"stat.useItem.thaumcraft.curio":2,"stat.pickup.thesummoner.summoner_orb":1,"stat.pickup.minecraft.quartz":3,"stat.craftItem.minecraft.fence":27,"stat.pickup.bewitchment.garlic_seeds":1,"stat.pickup.fossil.skull_block":1,"stat.pickup.harvestcraft.orangeitem":24,"stat.useItem.minecraft.boat":1,"stat.mineBlock.minecraft.leaves":1780,"stat.pickup.minecraft.beetroot_seeds":1,"stat.pickup.ftbquests.lootcrate":1,"stat.useItem.minecraft.writable_book":2,"stat.mineBlock.wings.fairy_dust_ore":26,"stat.pickup.minecraft.torch":10,"stat.pickup.minecraft.spruce_stairs":2,"stat.pickup.thaumcraft.brain":1,"stat.pickup.astralsorcery.blockmarble":70,"stat.craftItem.thaumcraft.quicksilver":3,"stat.mineBlock.minecraft.stone":90,"stat.craftItem.actuallyadditions.block_giant_chest":5,"stat.pickup.ftbquests.book":1}