{"profiles":{"d483abe5-4a8c-43d0-9177-9eb0a9447829":{"peaceful":false,"no_area_of_effects":false,"nether":false,"no_explosions":false,"no_death_mg":false,"default":true,"hardcore":false,"no_status_effects":false},"f51a82be-991c-4e4a-8586-eef839a63513":{"peaceful":false,"no_area_of_effects":false,"nether":false,"no_explosions":false,"no_death_mg":false,"default":true,"hardcore":false,"no_status_effects":false},"5fa17e8c-b204-47bc-8e03-64046a6cdac4":{"peaceful":false,"no_area_of_effects":false,"nether":false,"no_explosions":false,"no_death_mg":false,"default":true,"hardcore":false,"no_status_effects":false}}}