{"stat.chestOpened":46,"stat.craftItem.minecraft.sign":3,"stat.pickup.minecraft.wooden_slab":5,"stat.useItem.minecraft.stone":39,"stat.entityKilledBy.furantur":1,"stat.mineBlock.minecraft.cobblestone":11,"stat.craftItem.akashictome.tome":1,"stat.pickup.minecraft.leather_chestplate":3,"stat.useItem.randomthings.endermailbox":1,"stat.mineBlock.ghostsexplosives.ore_potassium":11,"stat.mineBlock.treasure2.ironbound_chest":1,"stat.craftItem.minecraft.iron_nugget":9,"stat.swimOneCm":1675,"stat.jump":529,"stat.pickup.minecraft.coal":28,"stat.climbOneCm":28298,"stat.fallOneCm":3340,"stat.pickup.minecraft.enchanted_book":2,"stat.drop.harvestcraft.kungpaochickenitem":1,"stat.useItem.minecraft.stone_axe":6,"stat.pickup.rats.cheese":1,"stat.crouchOneCm":9194,"stat.craftItem.minecraft.chest":1,"stat.useItem.harvestcraft.jaffaitem":1,"stat.pickup.minecraft.dirt":32,"stat.useItem.minecraft.dirt":16,"stat.useItem.minecraft.stone_slab2":25,"stat.killEntity.furantur":1,"stat.pickup.rats.rat_nugget_ore":3,"stat.craftingTableInteraction":11,"stat.pickup.minecraft.iron_ore":13,"stat.pickup.ghostsexplosives.dust_potassium_nitrate":27,"stat.craftItem.minecraft.furnace":2,"stat.boatOneCm":8624,"stat.pickup.thermalfoundation.ore":21,"stat.mineBlock.minecraft.lapis_ore":3,"stat.craftItem.futuremc.campfire":1,"stat.craftItem.minecraft.stone_axe":1,"stat.pickup.mysticalworld.silkworm_egg":3,"stat.damageTaken":1002,"stat.useItem.minecraft.golden_pickaxe":218,"stat.mineBlock.minecraft.red_flower":5,"stat.pickup.bewitchment.ravens_feather":1,"stat.mineBlock.minecraft.torch":4,"stat.useItem.minecraft.furnace":1,"stat.pickup.minecraft.cobblestone":193,"stat.mineBlock.biomesoplenty.plant_0":2,"stat.pickup.treasure2.blackstone":5,"stat.pickup.minecraft.dye":21,"stat.pickup.mysticalagriculture.crafting":5,"stat.pickup.minecraft.planks":5,"stat.pickup.arcaneworld.levitator":1,"stat.flyOneCm":7314,"stat.mineBlock.tconstruct.stone_torch":1,"stat.pickup.minecraft.glass_bottle":6,"stat.useItem.tombstone.grave_key":2,"stat.pickup.minecraft.wheat_seeds":5,"stat.mineBlock.stupidthings.mine_turtle":1,"stat.useItem.rats.cheese":2,"stat.craftItem.minecraft.wooden_slab":6,"stat.pickup.minecraft.golden_pickaxe":1,"stat.damageDealt":425,"stat.mineBlock.minecraft.iron_ore":13,"stat.sleepInBed":2,"stat.timeSinceDeath":42529,"stat.mineBlock.minecraft.dirt":24,"stat.pickup.mod_lavacow.intestine":1,"stat.useItem.minecraft.iron_pickaxe":46,"stat.craftItem.minecraft.iron_sword":1,"stat.walkOneCm":329088,"stat.mineBlock.biomesoplenty.leaves_3":16,"stat.useItem.minecraft.torch":20,"stat.killEntity.primitivemobs.bewitched_tome":1,"stat.pickup.minecraft.crafting_table":1,"stat.pickup.minecraft.clay_ball":1,"stat.mineBlock.thermalfoundation.ore":21,"stat.useItem.minecraft.cobblestone":103,"stat.craftItem.minecraft.crafting_table":2,"stat.furnaceInteraction":10,"stat.mineBlock.minecraft.double_plant":1,"stat.mineBlock.arcaneworld.levitator":1,"stat.mineBlock.minecraft.coal_ore":26,"stat.craftItem.minecraft.boat":1,"stat.pickup.minecraft.log":13,"stat.craftItem.futuremc.lantern":1,"stat.mineBlock.charm.crate":1,"stat.pickup.quark.root_flower":1,"stat.pickup.tombstone.crafting_ingredient":1,"stat.pickup.minecraft.stone":41,"stat.craftItem.tconstruct.stone_stick":4,"stat.pickup.minecraft.leather_helmet":1,"stat.pickup.minecraft.sapling":3,"stat.sprintOneCm":35852,"stat.pickup.minecraft.paper":1,"stat.useItem.tconstruct.stone_torch":4,"stat.pickup.minecraft.apple":1,"stat.craftItem.minecraft.stick":4,"stat.pickup.rats.fish_barrel":1,"stat.pickup.mod_lavacow.sharptooth":1,"stat.craftItem.minecraft.planks":32,"stat.useItem.minecraft.iron_sword":4,"stat.mineBlock.minecraft.crafting_table":1,"stat.craftItem.tconstruct.stone_torch":8,"stat.pickup.minecraft.pumpkin_seeds":3,"stat.useItem.thermalinnovation.drill":2,"stat.mobKills":2,"stat.pickup.stupidthings.mine_turtle":1,"stat.mineBlock.minecraft.log":13,"stat.craftItem.culinaryconstruct.sandwich_station":1,"stat.useItem.minecraft.boat":1,"stat.deaths":3,"stat.drop":1,"stat.mineBlock.minecraft.leaves":85,"stat.playOneMinute":124324,"stat.craftItem.actuallyadditions.item_crafter_on_a_stick":1,"stat.craftItem.charm.crate":1,"stat.pickup.minecraft.torch":38,"stat.pickup.minecraft.red_flower":3,"stat.mineBlock.treasure2.blackstone":5,"stat.useItem.minecraft.ladder":17,"stat.pickup.tconstruct.stone_torch":1,"stat.mineBlock.mysticalagriculture.prosperity_ore":2,"stat.sneakTime":3663,"stat.pickup.minecraft.slime_ball":6,"stat.craftItem.minecraft.iron_pickaxe":1,"stat.pickup.astralsorcery.blockmarble":1,"stat.mineBlock.minecraft.stone":273,"stat.mineBlock.minecraft.tallgrass":4,"stat.diveOneCm":713,"stat.pickup.charm.crate":1}