{"stat.drop.minecraft.stone_pickaxe":1,"stat.pickup.minecraft.bone":9,"stat.pickup.dungeontactics.bag_magic":1,"stat.pickup.fossil.biofossil":1,"stat.pickup.actuallyadditions.item_leaf_blower":1,"stat.mineBlock.thaumcraft.ore_quartz":1,"stat.useItem.tconstruct.mattock":6,"stat.pickup.minecraft.stone_pickaxe":2,"stat.mineBlock.minecraft.yellow_flower":2,"stat.useItem.harvestcraft.orange_sapling":2,"stat.pickup.minecraft.leather_chestplate":4,"stat.pickup.harvestcraft.orange_sapling":1,"stat.pickup.bewitchment.elderberries":2,"stat.mineBlock.appliedenergistics2.quartz_ore":5,"stat.mineBlock.biomesoplenty.terrarium":1,"stat.mineBlock.charm.crate_sealed":1,"stat.swimOneCm":2448,"stat.useItem.bewitchment.elderberries":1,"stat.useItem.minecraft.planks":2,"stat.climbOneCm":17967,"stat.pickup.minecraft.enchanted_book":2,"stat.mineBlock.thaumcraft.ore_amber":8,"stat.mineBlock.minecraft.spruce_stairs":2,"stat.pickup.minecraft.glowstone_dust":16,"stat.mineBlock.immersiveengineering.ore":3,"stat.mineBlock.quark.roots":1,"stat.pickup.rats.cheese":16,"stat.pickup.xreliquary.mob_ingredient":1,"stat.pickup.minecraft.writable_book":1,"stat.craftItem.bewitchment.elder_door":3,"stat.pickup.vampirism.blood_bottle":5,"stat.useItem.harvestcraft.jaffaitem":1,"stat.useItem.minecraft.dirt":17,"stat.pickup.wings.fairy_dust":52,"stat.useItem.minecraft.stone_slab2":64,"stat.pickup.actuallyadditions.block_giant_chest":1,"stat.mineBlock.thaumcraft.log_greatwood":102,"stat.useItem.minecraft.water_bucket":9,"stat.killEntity.primitivemobs.skeleton_warrior":1,"stat.pickup.ghostsexplosives.dust_potassium_nitrate":268,"stat.pickup.thermalfoundation.ore":32,"stat.craftItem.minecraft.stone_axe":1,"stat.craftItem.actuallyadditions.block_misc":5,"stat.pickup.mysticalworld.silkworm_egg":71,"stat.pickup.iceandfire.chared_cobblestone":4,"stat.pickup.minecraft.name_tag":1,"stat.craftItem.minecraft.trapdoor":2,"stat.craftItem.minecraft.stone_pickaxe":11,"stat.pickup.minecraft.cobblestone":90,"stat.pickup.arcaneworld.levitator":5,"stat.pickup.enderio.item_broken_spawner":1,"stat.craftItem.minecraft.stone_sword":1,"stat.flyOneCm":29913,"stat.pickup.minecraft.glass_bottle":3,"stat.pickup.appliedenergistics2.material":12,"stat.pickup.iceandfire.ash":1,"stat.pickup.quark.marble":851,"stat.pickup.treasure2.gravestone3_obsidian":2,"stat.killEntity.Villager":1,"stat.pickup.quark.tallow":1,"stat.pickup.bewitchment.elder_door":1,"stat.mineBlock.minecraft.iron_ore":46,"stat.timeSinceDeath":102310,"stat.useItem.iceandfire.myrmex_desert_resin_glass":21,"stat.pickup.vampirism.vampire_book":1,"stat.useItem.minecraft.iron_pickaxe":89,"stat.craftItem.minecraft.wooden_pickaxe":1,"stat.pickup.fossil.plant_fossil":3,"stat.pickup.ghostsexplosives.sulfur":26,"stat.killEntity.midnight.rifter":1,"stat.craftItem.ebwizardry.magic_crystal":2,"stat.useItem.quark.root":1,"stat.useItem.actuallyadditions.block_giant_chest":3,"stat.pickup.actuallyadditions.item_worm":1,"stat.pickup.dungeontactics.ration_standard":1,"stat.mineBlock.chisel.marble2":3,"stat.pickup.thermalfoundation.material":21,"stat.mineBlock.thermalfoundation.ore":27,"stat.furnaceInteraction":38,"stat.useItem.minecraft.cooked_porkchop":1,"stat.useItem.minecraft.pumpkin_seeds":2,"stat.pickup.minecraft.trapdoor":2,"stat.mineBlock.minecraft.coal_ore":190,"stat.pickup.treasure2.gravestone1_stone":1,"stat.talkedToVillager":1,"stat.craftItem.minecraft.stone_hoe":1,"stat.pickup.minecraft.wooden_sword":2,"stat.pickup.actuallyadditions.item_solidified_experience":2,"stat.craftItem.thermalfoundation.material":25,"stat.pickup.minecraft.string":25,"stat.useItem.mod_lavacow.undyingheart":1,"stat.mineBlock.minecraft.ladder":8,"stat.mineBlock.charm.crate":1,"stat.craftItem.minecraft.stone_slab2":0,"stat.useItem.vampirism.vampire_book":1,"stat.craftItem.bewitchment.elder_planks":16,"stat.useItem.minecraft.written_book":1,"stat.useItem.minecraft.trapdoor":2,"stat.sprintOneCm":75418,"stat.pickup.actuallyadditions.item_misc":1,"stat.craftItem.minecraft.stick":200,"stat.mineBlock.iceandfire.ash":1,"stat.mineBlock.dungeontactics.flower_ailment":3,"stat.craftItem.minecraft.stone":3,"stat.pickup.thaumcraft.crystal_essence":44,"stat.useItem.minecraft.wheat_seeds":7,"stat.mineBlock.minecraft.crafting_table":1,"stat.mineBlock.astralsorcery.blockmarble":68,"stat.pickup.techreborn.gem":22,"stat.pickup.fossil.relic_scrap":3,"stat.useItem.iceandfire.chared_dirt":2,"stat.pickup.thaumcraft.nugget":2,"stat.pickup.actuallyadditions.item_crate_keeper":2,"stat.pickup.harvestcraft.kungpaochickenitem":1,"stat.mineBlock.actuallyadditions.block_giant_chest":1,"stat.entityKilledBy.Creeper":1,"stat.mineBlock.quark.marble":441,"stat.deaths":1,"stat.drop":2,"stat.mineBlock.thaumcraft.crystal_aqua":6,"stat.pickup.minecraft.egg":1,"stat.playOneMinute":115573,"stat.craftItem.actuallyadditions.item_crafter_on_a_stick":1,"stat.useItem.minecraft.wooden_sword":25,"stat.pickup.mysticalworld.aubergine_seed":1,"stat.useItem.iceandfire.chared_cobblestone":2,"stat.useItem.minecraft.ladder":7,"stat.mineBlock.mysticalagriculture.prosperity_ore":5,"stat.pickup.minecraft.slime_ball":8,"stat.craftItem.minecraft.iron_pickaxe":1,"stat.mineBlock.treasure2.gravestone3_spawner_obsidian":2,"stat.killEntity.primitivemobs.haunted_tool":1,"stat.pickup.tconstruct.mattock":1,"stat.pickup.iceandfire.chared_dirt":4,"stat.drop.minecraft.torch":1,"stat.pickup.dungeontactics.magic_powder":14,"stat.pickup.roots.terra_spores":1,"stat.pickup.chisel.marble2":3,"stat.mineBlock.minecraft.tallgrass":12,"stat.pickup.dungeontactics.bag_food":1,"stat.diveOneCm":947,"stat.mineBlock.bewitchment.elder_wood":4,"stat.pickup.charm.crate":1,"stat.chestOpened":162,"stat.craftItem.minecraft.sign":3,"stat.craftItem.minecraft.ladder":21,"stat.pickup.minecraft.sign":3,"stat.useItem.minecraft.stone":17,"stat.pickup.thaumcraft.curio":2,"stat.pickup.minecraft.arrow":6,"stat.pickup.minecraft.iron_sword":1,"stat.craftItem.minecraft.cooked_porkchop":1,"stat.useItem.minecraft.apple":3,"stat.pickup.minecraft.gold_nugget":2,"stat.pickup.thaumcraft.sapling_greatwood":4,"stat.mineBlock.ghostsexplosives.ore_potassium":49,"stat.jump":636,"stat.pickup.futuremc.lantern":1,"stat.pickup.minecraft.coal":234,"stat.fallOneCm":6914,"stat.pickup.minecraft.iron_ingot":16,"stat.useItem.rats.rat_burger":3,"stat.mineBlock.fossil.fossil":13,"stat.useItem.minecraft.stone_axe":138,"stat.pickup.minecraft.gunpowder":2,"stat.crouchOneCm":1481,"stat.mineBlock.minecraft.chest":21,"stat.craftItem.minecraft.chest":20,"stat.craftItem.minecraft.torch":96,"stat.craftItem.minecraft.iron_ingot":36,"stat.pickup.minecraft.dirt":98,"stat.pickup.vampirism.vampire_fang":9,"stat.pickup.minecraft.melon":1,"stat.pickup.actuallyadditions.block_misc":2,"stat.pickup.rats.rat_nugget_ore":2,"stat.craftingTableInteraction":33,"stat.pickup.minecraft.iron_ore":46,"stat.damageTaken":824,"stat.mineBlock.thaumcraft.leaves_greatwood":415,"stat.mineBlock.ghostsexplosives.ore_sulfur":8,"stat.mineBlock.minecraft.red_flower":3,"stat.mineBlock.minecraft.torch":8,"stat.pickup.bewitchment.ravens_feather":1,"stat.useItem.minecraft.wooden_pickaxe":8,"stat.mineBlock.iceandfire.chared_cobblestone":3,"stat.craftItem.minecraft.wooden_sword":1,"stat.mineBlock.biomesoplenty.plant_1":4,"stat.mineBlock.biomesoplenty.plant_0":7,"stat.pickup.ebwizardry.crystal_flower":1,"stat.pickup.minecraft.dye":8,"stat.pickup.mysticalagriculture.crafting":33,"stat.pickup.biomesoplenty.plant_1":4,"stat.pickup.minecraft.bed":1,"stat.pickup.minecraft.wheat_seeds":4,"stat.useItem.minecraft.stone_pickaxe":916,"stat.useItem.mysticalworld.silkworm_egg":1,"stat.useItem.minecraft.stone_sword":63,"stat.damageDealt":3334,"stat.mineBlock.bewitchment.elder_leaves":50,"stat.killEntity.bound_soul":3,"stat.pickup.bewitchment.amethyst":4,"stat.mineBlock.harvestcraft.orange_sapling":1,"stat.sleepInBed":2,"stat.mineBlock.quark.roots_blue_flower":1,"stat.mineBlock.minecraft.dirt":75,"stat.mineBlock.randomthings.peacecandle":1,"stat.pickup.bewitchment.elder_wood":4,"stat.craftItem.futuremc.stonecutter":1,"stat.mineBlock.iceandfire.chared_dirt":4,"stat.pickup.treasure2.gravestone2_cobblestone":1,"stat.pickup.bewitchment.oak_apple_gall":28,"stat.walkOneCm":370908,"stat.mineBlock.biomesoplenty.leaves_3":378,"stat.pickup.immersiveengineering.seed":1,"stat.mineBlock.treasure2.gravestone2_spawner_cobblestone":1,"stat.useItem.minecraft.torch":31,"stat.pickup.minecraft.golden_apple":1,"stat.useItem.minecraft.chest":15,"stat.playerKills":1,"stat.mineBlock.mekanism.saltblock":4,"stat.pickup.minecraft.stick":1,"stat.pickup.minecraft.crafting_table":1,"stat.useItem.minecraft.cobblestone":7,"stat.pickup.biomesoplenty.sapling_1":25,"stat.craftItem.minecraft.crafting_table":2,"stat.mineBlock.arcaneworld.levitator":5,"stat.pickup.futuremc.barrel":1,"stat.useItem.harvestcraft.kungpaochickenitem":2,"stat.pickup.minecraft.log":186,"stat.pickup.randomthings.peacecandle":1,"stat.pickup.biomesoplenty.terrarium":1,"stat.mineBlock.techreborn.ore":8,"stat.useItem.minecraft.melon":1,"stat.pickup.dungeontactics.flower_ailment":3,"stat.useItem.harvestcraft.fairybreaditem":1,"stat.pickup.quark.root_flower":8,"stat.mineBlock.treasure2.gravestone1_spawner_stone":1,"stat.pickup.minecraft.tnt":1,"stat.pickup.minecraft.stone":18,"stat.useItem.bewitchment.elder_door":2,"stat.pickup.minecraft.sapling":72,"stat.pickup.twilightforest.steeleaf_helmet":1,"stat.pickup.minecraft.apple":18,"stat.pickup.minecraft.ladder":8,"stat.pickup.minecraft.gold_ingot":3,"stat.mineBlock.futuremc.lantern":1,"stat.pickup.thaumcraft.ore_cinnabar":3,"stat.pickup.mod_lavacow.sharptooth":1,"stat.craftItem.minecraft.bucket":1,"stat.craftItem.minecraft.planks":324,"stat.useItem.minecraft.iron_sword":13,"stat.pickup.bewitchment.salt":30,"stat.pickup.quark.root":3,"stat.pickup.minecraft.stone_sword":1,"stat.mobKills":11,"stat.useItem.thaumcraft.curio":2,"stat.pickup.minecraft.book":1,"stat.mineBlock.minecraft.log":192,"stat.pickup.minecraft.quartz":2,"stat.useItem.minecraft.stone_hoe":85,"stat.mineBlock.minecraft.leaves":1689,"stat.useItem.dungeontactics.ration_standard":1,"stat.mineBlock.wings.fairy_dust_ore":26,"stat.useItem.minecraft.writable_book":2,"stat.pickup.ftbquests.lootcrate":1,"stat.killEntity.BabySkeleton":1,"stat.pickup.minecraft.torch":9,"stat.pickup.minecraft.spruce_stairs":2,"stat.pickup.minecraft.red_flower":6,"stat.pickup.thaumcraft.brain":1,"stat.pickup.thaumcraft.amber":12,"stat.sneakTime":2039,"stat.pickup.astralsorcery.blockmarble":70,"stat.pickup.minecraft.yellow_flower":2,"stat.mineBlock.minecraft.stone":86,"stat.craftItem.actuallyadditions.block_giant_chest":5,"stat.pickup.thaumcraft.log_greatwood":84,"stat.pickup.minecraft.chest":21,"stat.mineBlock.thaumcraft.ore_cinnabar":3}